Office Name,Contest ID,Ballot Name,Choice ID,Party,Total,,,,,,,,,,,,,,,,,,,,,,,,,,,,,,,,,,,,,,,,,,,,,,,,,,,,,,,,,,,,,,,,,,,,,,,,
US Senate - Rep,US2R,"Earl L. ""Buddy"" Carter",1,REP,229223,,,,,,,,,,,,,,,,,,,,,,,,,,,,,,,,,,,,,,,,,,,,,,,,,,,,,,,,,,,,,,,,,,,,,,,,
US Senate - Rep,US2R,Mike Collins,2,REP,369642,,,,,,,,,,,,,,,,,,,,,,,,,,,,,,,,,,,,,,,,,,,,,,,,,,,,,,,,,,,,,,,,,,,,,,,,
US Senate - Rep,US2R,John F. Coyne III,3,REP,9850,,,,,,,,,,,,,,,,,,,,,,,,,,,,,,,,,,,,,,,,,,,,,,,,,,,,,,,,,,,,,,,,,,,,,,,,
US Senate - Rep,US2R,Derek Dooley,4,REP,275534,,,,,,,,,,,,,,,,,,,,,,,,,,,,,,,,,,,,,,,,,,,,,,,,,,,,,,,,,,,,,,,,,,,,,,,,
US Senate - Rep,US2R,"Jonathan ""Jon"" McColumn",5,REP,28447,,,,,,,,,,,,,,,,,,,,,,,,,,,,,,,,,,,,,,,,,,,,,,,,,,,,,,,,,,,,,,,,,,,,,,,,
US Senate - Rep,US2R,Total Votes,,,912696,,,,,,,,,,,,,,,,,,,,,,,,,,,,,,,,,,,,,,,,,,,,,,,,,,,,,,,,,,,,,,,,,,,,,,,,
US Senate - Dem,US2D,Jon Ossoff (I),6,DEM,1042331,,,,,,,,,,,,,,,,,,,,,,,,,,,,,,,,,,,,,,,,,,,,,,,,,,,,,,,,,,,,,,,,,,,,,,,,
US Senate - Dem,US2D,Total Votes,,,1042331,,,,,,,,,,,,,,,,,,,,,,,,,,,,,,,,,,,,,,,,,,,,,,,,,,,,,,,,,,,,,,,,,,,,,,,,
Governor - Rep,S1R,Chris Carr,7,REP,110720,,,,,,,,,,,,,,,,,,,,,,,,,,,,,,,,,,,,,,,,,,,,,,,,,,,,,,,,,,,,,,,,,,,,,,,,
Governor - Rep,S1R,Clark Dean,8,REP,7051,,,,,,,,,,,,,,,,,,,,,,,,,,,,,,,,,,,,,,,,,,,,,,,,,,,,,,,,,,,,,,,,,,,,,,,,
Governor - Rep,S1R,Rick Jackson,9,REP,303621,,,,,,,,,,,,,,,,,,,,,,,,,,,,,,,,,,,,,,,,,,,,,,,,,,,,,,,,,,,,,,,,,,,,,,,,
Governor - Rep,S1R,Burt Jones,10,REP,358184,,,,,,,,,,,,,,,,,,,,,,,,,,,,,,,,,,,,,,,,,,,,,,,,,,,,,,,,,,,,,,,,,,,,,,,,
Governor - Rep,S1R,Gregg Kirkpatrick,11,REP,5537,,,,,,,,,,,,,,,,,,,,,,,,,,,,,,,,,,,,,,,,,,,,,,,,,,,,,,,,,,,,,,,,,,,,,,,,
Governor - Rep,S1R,Brad Raffensperger,12,REP,140085,,,,,,,,,,,,,,,,,,,,,,,,,,,,,,,,,,,,,,,,,,,,,,,,,,,,,,,,,,,,,,,,,,,,,,,,
Governor - Rep,S1R,Tom Williams,13,REP,3849,,,,,,,,,,,,,,,,,,,,,,,,,,,,,,,,,,,,,,,,,,,,,,,,,,,,,,,,,,,,,,,,,,,,,,,,
Governor - Rep,S1R,Ken Yasger,14,REP,4770,,,,,,,,,,,,,,,,,,,,,,,,,,,,,,,,,,,,,,,,,,,,,,,,,,,,,,,,,,,,,,,,,,,,,,,,
Governor - Rep,S1R,Total Votes,,,933817,,,,,,,,,,,,,,,,,,,,,,,,,,,,,,,,,,,,,,,,,,,,,,,,,,,,,,,,,,,,,,,,,,,,,,,,
Governor - Dem,S1D,Keisha Lance Bottoms,15,DEM,608264,,,,,,,,,,,,,,,,,,,,,,,,,,,,,,,,,,,,,,,,,,,,,,,,,,,,,,,,,,,,,,,,,,,,,,,,
Governor - Dem,S1D,Olu Brown,16,DEM,12329,,,,,,,,,,,,,,,,,,,,,,,,,,,,,,,,,,,,,,,,,,,,,,,,,,,,,,,,,,,,,,,,,,,,,,,,
Governor - Dem,S1D,Amanda Duffy,17,DEM,18808,,,,,,,,,,,,,,,,,,,,,,,,,,,,,,,,,,,,,,,,,,,,,,,,,,,,,,,,,,,,,,,,,,,,,,,,
Governor - Dem,S1D,Geoff Duncan,18,DEM,75721,,,,,,,,,,,,,,,,,,,,,,,,,,,,,,,,,,,,,,,,,,,,,,,,,,,,,,,,,,,,,,,,,,,,,,,,
Governor - Dem,S1D,Jason Esteves,19,DEM,201852,,,,,,,,,,,,,,,,,,,,,,,,,,,,,,,,,,,,,,,,,,,,,,,,,,,,,,,,,,,,,,,,,,,,,,,,
Governor - Dem,S1D,Derrick Jackson,20,DEM,25050,,,,,,,,,,,,,,,,,,,,,,,,,,,,,,,,,,,,,,,,,,,,,,,,,,,,,,,,,,,,,,,,,,,,,,,,
Governor - Dem,S1D,"Michael ""Mike"" Thurmond",21,DEM,139787,,,,,,,,,,,,,,,,,,,,,,,,,,,,,,,,,,,,,,,,,,,,,,,,,,,,,,,,,,,,,,,,,,,,,,,,
Governor - Dem,S1D,Total Votes,,,1081811,,,,,,,,,,,,,,,,,,,,,,,,,,,,,,,,,,,,,,,,,,,,,,,,,,,,,,,,,,,,,,,,,,,,,,,,
Lieutenant Governor - Rep,S2R,David Clark,22,REP,140416,,,,,,,,,,,,,,,,,,,,,,,,,,,,,,,,,,,,,,,,,,,,,,,,,,,,,,,,,,,,,,,,,,,,,,,,
Lieutenant Governor - Rep,S2R,Greg Dolezal,23,REP,205460,,,,,,,,,,,,,,,,,,,,,,,,,,,,,,,,,,,,,,,,,,,,,,,,,,,,,,,,,,,,,,,,,,,,,,,,
Lieutenant Governor - Rep,S2R,Steve Gooch,24,REP,103623,,,,,,,,,,,,,,,,,,,,,,,,,,,,,,,,,,,,,,,,,,,,,,,,,,,,,,,,,,,,,,,,,,,,,,,,
Lieutenant Governor - Rep,S2R,John F. Kennedy,25,REP,242721,,,,,,,,,,,,,,,,,,,,,,,,,,,,,,,,,,,,,,,,,,,,,,,,,,,,,,,,,,,,,,,,,,,,,,,,
Lieutenant Governor - Rep,S2R,Brenda Lynn Nelson-Porter,26,REP,17146,,,,,,,,,,,,,,,,,,,,,,,,,,,,,,,,,,,,,,,,,,,,,,,,,,,,,,,,,,,,,,,,,,,,,,,,
Lieutenant Governor - Rep,S2R,Takosha Swan,27,REP,10054,,,,,,,,,,,,,,,,,,,,,,,,,,,,,,,,,,,,,,,,,,,,,,,,,,,,,,,,,,,,,,,,,,,,,,,,
Lieutenant Governor - Rep,S2R,Blake Tillery,28,REP,169710,,,,,,,,,,,,,,,,,,,,,,,,,,,,,,,,,,,,,,,,,,,,,,,,,,,,,,,,,,,,,,,,,,,,,,,,
Lieutenant Governor - Rep,S2R,Total Votes,,,889130,,,,,,,,,,,,,,,,,,,,,,,,,,,,,,,,,,,,,,,,,,,,,,,,,,,,,,,,,,,,,,,,,,,,,,,,
Lieutenant Governor - Dem,S2D,Josh McLaurin,29,DEM,426854,,,,,,,,,,,,,,,,,,,,,,,,,,,,,,,,,,,,,,,,,,,,,,,,,,,,,,,,,,,,,,,,,,,,,,,,
Lieutenant Governor - Dem,S2D,Nabilah Parkes,30,DEM,407380,,,,,,,,,,,,,,,,,,,,,,,,,,,,,,,,,,,,,,,,,,,,,,,,,,,,,,,,,,,,,,,,,,,,,,,,
Lieutenant Governor - Dem,S2D,Richard N. Wright,31,DEM,196717,,,,,,,,,,,,,,,,,,,,,,,,,,,,,,,,,,,,,,,,,,,,,,,,,,,,,,,,,,,,,,,,,,,,,,,,
Lieutenant Governor - Dem,S2D,Total Votes,,,1030951,,,,,,,,,,,,,,,,,,,,,,,,,,,,,,,,,,,,,,,,,,,,,,,,,,,,,,,,,,,,,,,,,,,,,,,,
Secretary of State - Rep,S3R,Tim Fleming,32,REP,334065,,,,,,,,,,,,,,,,,,,,,,,,,,,,,,,,,,,,,,,,,,,,,,,,,,,,,,,,,,,,,,,,,,,,,,,,
Secretary of State - Rep,S3R,Vernon Jones,33,REP,232453,,,,,,,,,,,,,,,,,,,,,,,,,,,,,,,,,,,,,,,,,,,,,,,,,,,,,,,,,,,,,,,,,,,,,,,,
Secretary of State - Rep,S3R,Kelvin King,34,REP,135799,,,,,,,,,,,,,,,,,,,,,,,,,,,,,,,,,,,,,,,,,,,,,,,,,,,,,,,,,,,,,,,,,,,,,,,,
Secretary of State - Rep,S3R,Ted Metz,35,REP,47725,,,,,,,,,,,,,,,,,,,,,,,,,,,,,,,,,,,,,,,,,,,,,,,,,,,,,,,,,,,,,,,,,,,,,,,,
Secretary of State - Rep,S3R,"Gabriel ""Gabe"" Sterling",36,REP,101752,,,,,,,,,,,,,,,,,,,,,,,,,,,,,,,,,,,,,,,,,,,,,,,,,,,,,,,,,,,,,,,,,,,,,,,,
Secretary of State - Rep,S3R,Total Votes,,,851794,,,,,,,,,,,,,,,,,,,,,,,,,,,,,,,,,,,,,,,,,,,,,,,,,,,,,,,,,,,,,,,,,,,,,,,,
Secretary of State - Dem,S3D,Cam Ashling,37,DEM,126545,,,,,,,,,,,,,,,,,,,,,,,,,,,,,,,,,,,,,,,,,,,,,,,,,,,,,,,,,,,,,,,,,,,,,,,,
Secretary of State - Dem,S3D,Dana Barrett,38,DEM,362114,,,,,,,,,,,,,,,,,,,,,,,,,,,,,,,,,,,,,,,,,,,,,,,,,,,,,,,,,,,,,,,,,,,,,,,,
Secretary of State - Dem,S3D,Penny Brown Reynolds,39,DEM,435358,,,,,,,,,,,,,,,,,,,,,,,,,,,,,,,,,,,,,,,,,,,,,,,,,,,,,,,,,,,,,,,,,,,,,,,,
Secretary of State - Dem,S3D,"Adrian Consonery, Jr.",40,DEM,104180,,,,,,,,,,,,,,,,,,,,,,,,,,,,,,,,,,,,,,,,,,,,,,,,,,,,,,,,,,,,,,,,,,,,,,,,
Secretary of State - Dem,S3D,Total Votes,,,1028197,,,,,,,,,,,,,,,,,,,,,,,,,,,,,,,,,,,,,,,,,,,,,,,,,,,,,,,,,,,,,,,,,,,,,,,,
Attorney General - Rep,S4R,Bill Cowsert,41,REP,241391,,,,,,,,,,,,,,,,,,,,,,,,,,,,,,,,,,,,,,,,,,,,,,,,,,,,,,,,,,,,,,,,,,,,,,,,
Attorney General - Rep,S4R,Brian Strickland,42,REP,608601,,,,,,,,,,,,,,,,,,,,,,,,,,,,,,,,,,,,,,,,,,,,,,,,,,,,,,,,,,,,,,,,,,,,,,,,
Attorney General - Rep,S4R,Total Votes,,,849992,,,,,,,,,,,,,,,,,,,,,,,,,,,,,,,,,,,,,,,,,,,,,,,,,,,,,,,,,,,,,,,,,,,,,,,,
Attorney General - Dem,S4D,Tanya Miller,44,DEM,880486,,,,,,,,,,,,,,,,,,,,,,,,,,,,,,,,,,,,,,,,,,,,,,,,,,,,,,,,,,,,,,,,,,,,,,,,
Attorney General - Dem,S4D,"Robert ""Bob"" Trammell",45,DEM,160887,,,,,,,,,,,,,,,,,,,,,,,,,,,,,,,,,,,,,,,,,,,,,,,,,,,,,,,,,,,,,,,,,,,,,,,,
Attorney General - Dem,S4D,Total Votes,,,1041373,,,,,,,,,,,,,,,,,,,,,,,,,,,,,,,,,,,,,,,,,,,,,,,,,,,,,,,,,,,,,,,,,,,,,,,,
Commissioner of Agriculture - Rep,S5R,Tyler Harper (I),46,REP,820825,,,,,,,,,,,,,,,,,,,,,,,,,,,,,,,,,,,,,,,,,,,,,,,,,,,,,,,,,,,,,,,,,,,,,,,,
Commissioner of Agriculture - Rep,S5R,Total Votes,,,820825,,,,,,,,,,,,,,,,,,,,,,,,,,,,,,,,,,,,,,,,,,,,,,,,,,,,,,,,,,,,,,,,,,,,,,,,
Commissioner of Agriculture - Dem,S5D,Katherine E. Juhan-Arnold,47,DEM,628224,,,,,,,,,,,,,,,,,,,,,,,,,,,,,,,,,,,,,,,,,,,,,,,,,,,,,,,,,,,,,,,,,,,,,,,,
Commissioner of Agriculture - Dem,S5D,"Sedrick Kent Rowe, Jr.",48,DEM,383284,,,,,,,,,,,,,,,,,,,,,,,,,,,,,,,,,,,,,,,,,,,,,,,,,,,,,,,,,,,,,,,,,,,,,,,,
Commissioner of Agriculture - Dem,S5D,Total Votes,,,1011508,,,,,,,,,,,,,,,,,,,,,,,,,,,,,,,,,,,,,,,,,,,,,,,,,,,,,,,,,,,,,,,,,,,,,,,,
Commissioner of Insurance - Rep,S6R,John King (I),49,REP,797627,,,,,,,,,,,,,,,,,,,,,,,,,,,,,,,,,,,,,,,,,,,,,,,,,,,,,,,,,,,,,,,,,,,,,,,,
Commissioner of Insurance - Rep,S6R,Total Votes,,,797627,,,,,,,,,,,,,,,,,,,,,,,,,,,,,,,,,,,,,,,,,,,,,,,,,,,,,,,,,,,,,,,,,,,,,,,,
Commissioner of Insurance - Dem,S6D,Clarence Blalock,50,DEM,181347,,,,,,,,,,,,,,,,,,,,,,,,,,,,,,,,,,,,,,,,,,,,,,,,,,,,,,,,,,,,,,,,,,,,,,,,
Commissioner of Insurance - Dem,S6D,Thomas Dean,51,DEM,85039,,,,,,,,,,,,,,,,,,,,,,,,,,,,,,,,,,,,,,,,,,,,,,,,,,,,,,,,,,,,,,,,,,,,,,,,
Commissioner of Insurance - Dem,S6D,"Ambuj ""AJ"" Jain",52,DEM,122468,,,,,,,,,,,,,,,,,,,,,,,,,,,,,,,,,,,,,,,,,,,,,,,,,,,,,,,,,,,,,,,,,,,,,,,,
Commissioner of Insurance - Dem,S6D,DeAndre Mathis,53,DEM,201895,,,,,,,,,,,,,,,,,,,,,,,,,,,,,,,,,,,,,,,,,,,,,,,,,,,,,,,,,,,,,,,,,,,,,,,,
Commissioner of Insurance - Dem,S6D,Keisha Sean Waites,54,DEM,428308,,,,,,,,,,,,,,,,,,,,,,,,,,,,,,,,,,,,,,,,,,,,,,,,,,,,,,,,,,,,,,,,,,,,,,,,
Commissioner of Insurance - Dem,S6D,Total Votes,,,1019057,,,,,,,,,,,,,,,,,,,,,,,,,,,,,,,,,,,,,,,,,,,,,,,,,,,,,,,,,,,,,,,,,,,,,,,,
State School Superintendent - Rep,S7R,Nelva Lee,55,REP,24643,,,,,,,,,,,,,,,,,,,,,,,,,,,,,,,,,,,,,,,,,,,,,,,,,,,,,,,,,,,,,,,,,,,,,,,,
State School Superintendent - Rep,S7R,"Fred ""Bubba"" Longgrear",56,REP,250208,,,,,,,,,,,,,,,,,,,,,,,,,,,,,,,,,,,,,,,,,,,,,,,,,,,,,,,,,,,,,,,,,,,,,,,,
State School Superintendent - Rep,S7R,Mesha Mainor,57,REP,35040,,,,,,,,,,,,,,,,,,,,,,,,,,,,,,,,,,,,,,,,,,,,,,,,,,,,,,,,,,,,,,,,,,,,,,,,
State School Superintendent - Rep,S7R,Randell E. Trammell,58,REP,121064,,,,,,,,,,,,,,,,,,,,,,,,,,,,,,,,,,,,,,,,,,,,,,,,,,,,,,,,,,,,,,,,,,,,,,,,
State School Superintendent - Rep,S7R,Richard Woods (I),59,REP,428895,,,,,,,,,,,,,,,,,,,,,,,,,,,,,,,,,,,,,,,,,,,,,,,,,,,,,,,,,,,,,,,,,,,,,,,,
State School Superintendent - Rep,S7R,Total Votes,,,859850,,,,,,,,,,,,,,,,,,,,,,,,,,,,,,,,,,,,,,,,,,,,,,,,,,,,,,,,,,,,,,,,,,,,,,,,
State School Superintendent - Dem,S7D,Anton Anthony,60,DEM,302219,,,,,,,,,,,,,,,,,,,,,,,,,,,,,,,,,,,,,,,,,,,,,,,,,,,,,,,,,,,,,,,,,,,,,,,,
State School Superintendent - Dem,S7D,Lydia Powell,61,DEM,511811,,,,,,,,,,,,,,,,,,,,,,,,,,,,,,,,,,,,,,,,,,,,,,,,,,,,,,,,,,,,,,,,,,,,,,,,
State School Superintendent - Dem,S7D,Otha Thornton,62,DEM,199815,,,,,,,,,,,,,,,,,,,,,,,,,,,,,,,,,,,,,,,,,,,,,,,,,,,,,,,,,,,,,,,,,,,,,,,,
State School Superintendent - Dem,S7D,Total Votes,,,1013845,,,,,,,,,,,,,,,,,,,,,,,,,,,,,,,,,,,,,,,,,,,,,,,,,,,,,,,,,,,,,,,,,,,,,,,,
Commissioner of Labor - Rep,S8R,Bárbara Rivera Holmes (I),63,REP,775766,,,,,,,,,,,,,,,,,,,,,,,,,,,,,,,,,,,,,,,,,,,,,,,,,,,,,,,,,,,,,,,,,,,,,,,,
Commissioner of Labor - Rep,S8R,Total Votes,,,775766,,,,,,,,,,,,,,,,,,,,,,,,,,,,,,,,,,,,,,,,,,,,,,,,,,,,,,,,,,,,,,,,,,,,,,,,
Commissioner of Labor - Dem,S8D,Brett A. Hulme,64,DEM,200118,,,,,,,,,,,,,,,,,,,,,,,,,,,,,,,,,,,,,,,,,,,,,,,,,,,,,,,,,,,,,,,,,,,,,,,,
Commissioner of Labor - Dem,S8D,Jason Moon,65,DEM,101444,,,,,,,,,,,,,,,,,,,,,,,,,,,,,,,,,,,,,,,,,,,,,,,,,,,,,,,,,,,,,,,,,,,,,,,,
Commissioner of Labor - Dem,S8D,Nikki Porcher,66,DEM,311244,,,,,,,,,,,,,,,,,,,,,,,,,,,,,,,,,,,,,,,,,,,,,,,,,,,,,,,,,,,,,,,,,,,,,,,,
Commissioner of Labor - Dem,S8D,Michelle Michi Sanchez,67,DEM,261476,,,,,,,,,,,,,,,,,,,,,,,,,,,,,,,,,,,,,,,,,,,,,,,,,,,,,,,,,,,,,,,,,,,,,,,,
Commissioner of Labor - Dem,S8D,Christian Wise Smith,68,DEM,136644,,,,,,,,,,,,,,,,,,,,,,,,,,,,,,,,,,,,,,,,,,,,,,,,,,,,,,,,,,,,,,,,,,,,,,,,
Commissioner of Labor - Dem,S8D,Total Votes,,,1010926,,,,,,,,,,,,,,,,,,,,,,,,,,,,,,,,,,,,,,,,,,,,,,,,,,,,,,,,,,,,,,,,,,,,,,,,
PSC - District 3 - Rep,S11R,Fitz Johnson,69,REP,389718,,,,,,,,,,,,,,,,,,,,,,,,,,,,,,,,,,,,,,,,,,,,,,,,,,,,,,,,,,,,,,,,,,,,,,,,
PSC - District 3 - Rep,S11R,Brandon Martin,70,REP,386771,,,,,,,,,,,,,,,,,,,,,,,,,,,,,,,,,,,,,,,,,,,,,,,,,,,,,,,,,,,,,,,,,,,,,,,,
PSC - District 3 - Rep,S11R,Total Votes,,,776489,,,,,,,,,,,,,,,,,,,,,,,,,,,,,,,,,,,,,,,,,,,,,,,,,,,,,,,,,,,,,,,,,,,,,,,,
PSC - District 3 - Dem,S11D,Peter Hubbard (I),71,DEM,944474,,,,,,,,,,,,,,,,,,,,,,,,,,,,,,,,,,,,,,,,,,,,,,,,,,,,,,,,,,,,,,,,,,,,,,,,
PSC - District 3 - Dem,S11D,Total Votes,,,944474,,,,,,,,,,,,,,,,,,,,,,,,,,,,,,,,,,,,,,,,,,,,,,,,,,,,,,,,,,,,,,,,,,,,,,,,
PSC - District 5 - Rep,S13R,Bobby Mehan,72,REP,241553,,,,,,,,,,,,,,,,,,,,,,,,,,,,,,,,,,,,,,,,,,,,,,,,,,,,,,,,,,,,,,,,,,,,,,,,
PSC - District 5 - Rep,S13R,Carolyn Tatum Roddy,73,REP,169405,,,,,,,,,,,,,,,,,,,,,,,,,,,,,,,,,,,,,,,,,,,,,,,,,,,,,,,,,,,,,,,,,,,,,,,,
PSC - District 5 - Rep,S13R,Josh Tolbert,74,REP,366773,,,,,,,,,,,,,,,,,,,,,,,,,,,,,,,,,,,,,,,,,,,,,,,,,,,,,,,,,,,,,,,,,,,,,,,,
PSC - District 5 - Rep,S13R,Total Votes,,,777731,,,,,,,,,,,,,,,,,,,,,,,,,,,,,,,,,,,,,,,,,,,,,,,,,,,,,,,,,,,,,,,,,,,,,,,,
PSC - District 5 - Dem,S13D,Craig Cupid,74,DEM,183989,,,,,,,,,,,,,,,,,,,,,,,,,,,,,,,,,,,,,,,,,,,,,,,,,,,,,,,,,,,,,,,,,,,,,,,,
PSC - District 5 - Dem,S13D,Shelia Edwards,75,DEM,557449,,,,,,,,,,,,,,,,,,,,,,,,,,,,,,,,,,,,,,,,,,,,,,,,,,,,,,,,,,,,,,,,,,,,,,,,
PSC - District 5 - Dem,S13D,Angelia Pressley,76,DEM,259590,,,,,,,,,,,,,,,,,,,,,,,,,,,,,,,,,,,,,,,,,,,,,,,,,,,,,,,,,,,,,,,,,,,,,,,,
PSC - District 5 - Dem,S13D,Total Votes,,,1001028,,,,,,,,,,,,,,,,,,,,,,,,,,,,,,,,,,,,,,,,,,,,,,,,,,,,,,,,,,,,,,,,,,,,,,,,
US House of Representatives - District 1 - Rep,USH1R,Pat Farrell,78,REP,12193,,,,,,,,,,,,,,,,,,,,,,,,,,,,,,,,,,,,,,,,,,,,,,,,,,,,,,,,,,,,,,,,,,,,,,,,
US House of Representatives - District 1 - Rep,USH1R,"James ""Jim"" Kingston",79,REP,37025,,,,,,,,,,,,,,,,,,,,,,,,,,,,,,,,,,,,,,,,,,,,,,,,,,,,,,,,,,,,,,,,,,,,,,,,
US House of Representatives - District 1 - Rep,USH1R,Brian Montgomery,80,REP,7088,,,,,,,,,,,,,,,,,,,,,,,,,,,,,,,,,,,,,,,,,,,,,,,,,,,,,,,,,,,,,,,,,,,,,,,,
US House of Representatives - District 1 - Rep,USH1R,Krista Penn,81,REP,2428,,,,,,,,,,,,,,,,,,,,,,,,,,,,,,,,,,,,,,,,,,,,,,,,,,,,,,,,,,,,,,,,,,,,,,,,
US House of Representatives - District 1 - Rep,USH1R,Kandiss Taylor,82,REP,8875,,,,,,,,,,,,,,,,,,,,,,,,,,,,,,,,,,,,,,,,,,,,,,,,,,,,,,,,,,,,,,,,,,,,,,,,
US House of Representatives - District 1 - Rep,USH1R,Eugene Yu,83,REP,3083,,,,,,,,,,,,,,,,,,,,,,,,,,,,,,,,,,,,,,,,,,,,,,,,,,,,,,,,,,,,,,,,,,,,,,,,
US House of Representatives - District 1 - Rep,USH1R,Total Votes,,,70692,,,,,,,,,,,,,,,,,,,,,,,,,,,,,,,,,,,,,,,,,,,,,,,,,,,,,,,,,,,,,,,,,,,,,,,,
US House of Representatives - District 1 - Dem,USH1D,Defonsio Daniels,84,DEM,5359,,,,,,,,,,,,,,,,,,,,,,,,,,,,,,,,,,,,,,,,,,,,,,,,,,,,,,,,,,,,,,,,,,,,,,,,
US House of Representatives - District 1 - Dem,USH1D,Joyce Marie Griggs,85,DEM,19694,,,,,,,,,,,,,,,,,,,,,,,,,,,,,,,,,,,,,,,,,,,,,,,,,,,,,,,,,,,,,,,,,,,,,,,,
US House of Representatives - District 1 - Dem,USH1D,Amanda Hollowell,86,DEM,14095,,,,,,,,,,,,,,,,,,,,,,,,,,,,,,,,,,,,,,,,,,,,,,,,,,,,,,,,,,,,,,,,,,,,,,,,
US House of Representatives - District 1 - Dem,USH1D,Michael McCord,87,DEM,3140,,,,,,,,,,,,,,,,,,,,,,,,,,,,,,,,,,,,,,,,,,,,,,,,,,,,,,,,,,,,,,,,,,,,,,,,
US House of Representatives - District 1 - Dem,USH1D,Joey Palimeno,88,DEM,850,,,,,,,,,,,,,,,,,,,,,,,,,,,,,,,,,,,,,,,,,,,,,,,,,,,,,,,,,,,,,,,,,,,,,,,,
US House of Representatives - District 1 - Dem,USH1D,Sharon Stokes Williamson,89,DEM,8501,,,,,,,,,,,,,,,,,,,,,,,,,,,,,,,,,,,,,,,,,,,,,,,,,,,,,,,,,,,,,,,,,,,,,,,,
US House of Representatives - District 1 - Dem,USH1D,Patrick J. Wilver,90,DEM,4003,,,,,,,,,,,,,,,,,,,,,,,,,,,,,,,,,,,,,,,,,,,,,,,,,,,,,,,,,,,,,,,,,,,,,,,,
US House of Representatives - District 1 - Dem,USH1D,Randy Zurcher,91,DEM,1517,,,,,,,,,,,,,,,,,,,,,,,,,,,,,,,,,,,,,,,,,,,,,,,,,,,,,,,,,,,,,,,,,,,,,,,,
US House of Representatives - District 1 - Dem,USH1D,Total Votes,,,57159,,,,,,,,,,,,,,,,,,,,,,,,,,,,,,,,,,,,,,,,,,,,,,,,,,,,,,,,,,,,,,,,,,,,,,,,
US House of Representatives - District 2 - Rep,USH2R,Matt Day,77,REP,42639,,,,,,,,,,,,,,,,,,,,,,,,,,,,,,,,,,,,,,,,,,,,,,,,,,,,,,,,,,,,,,,,,,,,,,,,
US House of Representatives - District 2 - Rep,USH2R,Total Votes,,,42639,,,,,,,,,,,,,,,,,,,,,,,,,,,,,,,,,,,,,,,,,,,,,,,,,,,,,,,,,,,,,,,,,,,,,,,,
US House of Representatives - District 2 - Dem,USH2D,Sanford Bishop (I),78,DEM,72498,,,,,,,,,,,,,,,,,,,,,,,,,,,,,,,,,,,,,,,,,,,,,,,,,,,,,,,,,,,,,,,,,,,,,,,,
US House of Representatives - District 2 - Dem,USH2D,Total Votes,,,72498,,,,,,,,,,,,,,,,,,,,,,,,,,,,,,,,,,,,,,,,,,,,,,,,,,,,,,,,,,,,,,,,,,,,,,,,
US House of Representatives - District 3 - Rep,USH3R,Brian Jack (I),77,REP,87643,,,,,,,,,,,,,,,,,,,,,,,,,,,,,,,,,,,,,,,,,,,,,,,,,,,,,,,,,,,,,,,,,,,,,,,,
US House of Representatives - District 3 - Rep,USH3R,Total Votes,,,87643,,,,,,,,,,,,,,,,,,,,,,,,,,,,,,,,,,,,,,,,,,,,,,,,,,,,,,,,,,,,,,,,,,,,,,,,
US House of Representatives - District 3 - Dem,USH3D,George Melville Johnson,78,DEM,21881,,,,,,,,,,,,,,,,,,,,,,,,,,,,,,,,,,,,,,,,,,,,,,,,,,,,,,,,,,,,,,,,,,,,,,,,
US House of Representatives - District 3 - Dem,USH3D,Maura Keller,79,DEM,33964,,,,,,,,,,,,,,,,,,,,,,,,,,,,,,,,,,,,,,,,,,,,,,,,,,,,,,,,,,,,,,,,,,,,,,,,
US House of Representatives - District 3 - Dem,USH3D,Total Votes,,,55845,,,,,,,,,,,,,,,,,,,,,,,,,,,,,,,,,,,,,,,,,,,,,,,,,,,,,,,,,,,,,,,,,,,,,,,,
US House of Representatives - District 4 - Rep,USH4R,Jim Duffie,77,REP,17390,,,,,,,,,,,,,,,,,,,,,,,,,,,,,,,,,,,,,,,,,,,,,,,,,,,,,,,,,,,,,,,,,,,,,,,,
US House of Representatives - District 4 - Rep,USH4R,Total Votes,,,17390,,,,,,,,,,,,,,,,,,,,,,,,,,,,,,,,,,,,,,,,,,,,,,,,,,,,,,,,,,,,,,,,,,,,,,,,
US House of Representatives - District 4 - Dem,USH4D,"Henry ""Hank"" Johnson, Jr. (I)",78,DEM,81997,,,,,,,,,,,,,,,,,,,,,,,,,,,,,,,,,,,,,,,,,,,,,,,,,,,,,,,,,,,,,,,,,,,,,,,,
US House of Representatives - District 4 - Dem,USH4D,Ansel Postell,79,DEM,12052,,,,,,,,,,,,,,,,,,,,,,,,,,,,,,,,,,,,,,,,,,,,,,,,,,,,,,,,,,,,,,,,,,,,,,,,
US House of Representatives - District 4 - Dem,USH4D,Ben Truman,80,DEM,9366,,,,,,,,,,,,,,,,,,,,,,,,,,,,,,,,,,,,,,,,,,,,,,,,,,,,,,,,,,,,,,,,,,,,,,,,
US House of Representatives - District 4 - Dem,USH4D,Total Votes,,,103415,,,,,,,,,,,,,,,,,,,,,,,,,,,,,,,,,,,,,,,,,,,,,,,,,,,,,,,,,,,,,,,,,,,,,,,,
US House of Representatives - District 5 - Rep,USH5R,"John ""Bongo"" Salvesen",77,REP,9552,,,,,,,,,,,,,,,,,,,,,,,,,,,,,,,,,,,,,,,,,,,,,,,,,,,,,,,,,,,,,,,,,,,,,,,,
US House of Representatives - District 5 - Rep,USH5R,Total Votes,,,9552,,,,,,,,,,,,,,,,,,,,,,,,,,,,,,,,,,,,,,,,,,,,,,,,,,,,,,,,,,,,,,,,,,,,,,,,
US House of Representatives - District 5 - Dem,USH5D,Arnetress Beatty,78,DEM,16186,,,,,,,,,,,,,,,,,,,,,,,,,,,,,,,,,,,,,,,,,,,,,,,,,,,,,,,,,,,,,,,,,,,,,,,,
US House of Representatives - District 5 - Dem,USH5D,Nikema Williams (I),79,DEM,118546,,,,,,,,,,,,,,,,,,,,,,,,,,,,,,,,,,,,,,,,,,,,,,,,,,,,,,,,,,,,,,,,,,,,,,,,
US House of Representatives - District 5 - Dem,USH5D,Total Votes,,,134732,,,,,,,,,,,,,,,,,,,,,,,,,,,,,,,,,,,,,,,,,,,,,,,,,,,,,,,,,,,,,,,,,,,,,,,,
US House of Representatives - District 6 - Rep,USH6R,Kevin E. Martin,77,REP,16878,,,,,,,,,,,,,,,,,,,,,,,,,,,,,,,,,,,,,,,,,,,,,,,,,,,,,,,,,,,,,,,,,,,,,,,,
US House of Representatives - District 6 - Rep,USH6R,Justin Pinker,78,REP,7197,,,,,,,,,,,,,,,,,,,,,,,,,,,,,,,,,,,,,,,,,,,,,,,,,,,,,,,,,,,,,,,,,,,,,,,,
US House of Representatives - District 6 - Rep,USH6R,Total Votes,,,24075,,,,,,,,,,,,,,,,,,,,,,,,,,,,,,,,,,,,,,,,,,,,,,,,,,,,,,,,,,,,,,,,,,,,,,,,
US House of Representatives - District 6 - Dem,USH6D,Lucy McBath (I),79,DEM,126663,,,,,,,,,,,,,,,,,,,,,,,,,,,,,,,,,,,,,,,,,,,,,,,,,,,,,,,,,,,,,,,,,,,,,,,,
US House of Representatives - District 6 - Dem,USH6D,Total Votes,,,126663,,,,,,,,,,,,,,,,,,,,,,,,,,,,,,,,,,,,,,,,,,,,,,,,,,,,,,,,,,,,,,,,,,,,,,,,
US House of Representatives - District 7 - Rep,USH7R,Rich McCormick (I),77,REP,83746,,,,,,,,,,,,,,,,,,,,,,,,,,,,,,,,,,,,,,,,,,,,,,,,,,,,,,,,,,,,,,,,,,,,,,,,
US House of Representatives - District 7 - Rep,USH7R,Total Votes,,,83746,,,,,,,,,,,,,,,,,,,,,,,,,,,,,,,,,,,,,,,,,,,,,,,,,,,,,,,,,,,,,,,,,,,,,,,,
US House of Representatives - District 7 - Dem,USH7D,Tony Kozycki,78,DEM,19742,,,,,,,,,,,,,,,,,,,,,,,,,,,,,,,,,,,,,,,,,,,,,,,,,,,,,,,,,,,,,,,,,,,,,,,,
US House of Representatives - District 7 - Dem,USH7D,Larry D. Long,79,DEM,9269,,,,,,,,,,,,,,,,,,,,,,,,,,,,,,,,,,,,,,,,,,,,,,,,,,,,,,,,,,,,,,,,,,,,,,,,
US House of Representatives - District 7 - Dem,USH7D,Case Norton,80,DEM,11043,,,,,,,,,,,,,,,,,,,,,,,,,,,,,,,,,,,,,,,,,,,,,,,,,,,,,,,,,,,,,,,,,,,,,,,,
US House of Representatives - District 7 - Dem,USH7D,Jayson Toweh,81,DEM,9367,,,,,,,,,,,,,,,,,,,,,,,,,,,,,,,,,,,,,,,,,,,,,,,,,,,,,,,,,,,,,,,,,,,,,,,,
US House of Representatives - District 7 - Dem,USH7D,Total Votes,,,49421,,,,,,,,,,,,,,,,,,,,,,,,,,,,,,,,,,,,,,,,,,,,,,,,,,,,,,,,,,,,,,,,,,,,,,,,
US House of Representatives - District 8 - Rep,USH8R,Austin Scott (I),77,REP,72036,,,,,,,,,,,,,,,,,,,,,,,,,,,,,,,,,,,,,,,,,,,,,,,,,,,,,,,,,,,,,,,,,,,,,,,,
US House of Representatives - District 8 - Rep,USH8R,Total Votes,,,72036,,,,,,,,,,,,,,,,,,,,,,,,,,,,,,,,,,,,,,,,,,,,,,,,,,,,,,,,,,,,,,,,,,,,,,,,
US House of Representatives - District 8 - Dem,USH8D,Kelly Esti,78,DEM,23828,,,,,,,,,,,,,,,,,,,,,,,,,,,,,,,,,,,,,,,,,,,,,,,,,,,,,,,,,,,,,,,,,,,,,,,,
US House of Representatives - District 8 - Dem,USH8D,Justin M. Lucas,79,DEM,20719,,,,,,,,,,,,,,,,,,,,,,,,,,,,,,,,,,,,,,,,,,,,,,,,,,,,,,,,,,,,,,,,,,,,,,,,
US House of Representatives - District 8 - Dem,USH8D,Total Votes,,,44547,,,,,,,,,,,,,,,,,,,,,,,,,,,,,,,,,,,,,,,,,,,,,,,,,,,,,,,,,,,,,,,,,,,,,,,,
US House of Representatives - District 9 - Rep,USH9R,Andrew Clyde (I),77,REP,70083,,,,,,,,,,,,,,,,,,,,,,,,,,,,,,,,,,,,,,,,,,,,,,,,,,,,,,,,,,,,,,,,,,,,,,,,
US House of Representatives - District 9 - Rep,USH9R,Sam Couvillon,78,REP,11129,,,,,,,,,,,,,,,,,,,,,,,,,,,,,,,,,,,,,,,,,,,,,,,,,,,,,,,,,,,,,,,,,,,,,,,,
US House of Representatives - District 9 - Rep,USH9R,Gregg Poole,79,REP,11037,,,,,,,,,,,,,,,,,,,,,,,,,,,,,,,,,,,,,,,,,,,,,,,,,,,,,,,,,,,,,,,,,,,,,,,,
US House of Representatives - District 9 - Rep,USH9R,Total Votes,,,92249,,,,,,,,,,,,,,,,,,,,,,,,,,,,,,,,,,,,,,,,,,,,,,,,,,,,,,,,,,,,,,,,,,,,,,,,
US House of Representatives - District 9 - Dem,USH9D,Nick Alex,80,DEM,17056,,,,,,,,,,,,,,,,,,,,,,,,,,,,,,,,,,,,,,,,,,,,,,,,,,,,,,,,,,,,,,,,,,,,,,,,
US House of Representatives - District 9 - Dem,USH9D,Caitlyn Gegen,81,DEM,25570,,,,,,,,,,,,,,,,,,,,,,,,,,,,,,,,,,,,,,,,,,,,,,,,,,,,,,,,,,,,,,,,,,,,,,,,
US House of Representatives - District 9 - Dem,USH9D,Total Votes,,,42626,,,,,,,,,,,,,,,,,,,,,,,,,,,,,,,,,,,,,,,,,,,,,,,,,,,,,,,,,,,,,,,,,,,,,,,,
US House of Representatives - District 10 - Rep,USH10R,Jeff Baker,77,REP,13483,,,,,,,,,,,,,,,,,,,,,,,,,,,,,,,,,,,,,,,,,,,,,,,,,,,,,,,,,,,,,,,,,,,,,,,,
US House of Representatives - District 10 - Rep,USH10R,Houston Gaines,78,REP,59895,,,,,,,,,,,,,,,,,,,,,,,,,,,,,,,,,,,,,,,,,,,,,,,,,,,,,,,,,,,,,,,,,,,,,,,,
US House of Representatives - District 10 - Rep,USH10R,Ryan Millsap,79,REP,16149,,,,,,,,,,,,,,,,,,,,,,,,,,,,,,,,,,,,,,,,,,,,,,,,,,,,,,,,,,,,,,,,,,,,,,,,
US House of Representatives - District 10 - Rep,USH10R,Total Votes,,,89527,,,,,,,,,,,,,,,,,,,,,,,,,,,,,,,,,,,,,,,,,,,,,,,,,,,,,,,,,,,,,,,,,,,,,,,,
US House of Representatives - District 10 - Dem,USH10D,"Pamela ""Pam"" Delancy",80,DEM,35058,,,,,,,,,,,,,,,,,,,,,,,,,,,,,,,,,,,,,,,,,,,,,,,,,,,,,,,,,,,,,,,,,,,,,,,,
US House of Representatives - District 10 - Dem,USH10D,"Alexandra ""Lexy"" Doherty",81,DEM,25341,,,,,,,,,,,,,,,,,,,,,,,,,,,,,,,,,,,,,,,,,,,,,,,,,,,,,,,,,,,,,,,,,,,,,,,,
US House of Representatives - District 10 - Dem,USH10D,John Dority,82,DEM,4022,,,,,,,,,,,,,,,,,,,,,,,,,,,,,,,,,,,,,,,,,,,,,,,,,,,,,,,,,,,,,,,,,,,,,,,,
US House of Representatives - District 10 - Dem,USH10D,Total Votes,,,64421,,,,,,,,,,,,,,,,,,,,,,,,,,,,,,,,,,,,,,,,,,,,,,,,,,,,,,,,,,,,,,,,,,,,,,,,
US House of Representatives - District 11 - Rep,USH11R,Rob Adkerson,78,REP,17408,,,,,,,,,,,,,,,,,,,,,,,,,,,,,,,,,,,,,,,,,,,,,,,,,,,,,,,,,,,,,,,,,,,,,,,,
US House of Representatives - District 11 - Rep,USH11R,Lisa Carlquist,80,REP,3161,,,,,,,,,,,,,,,,,,,,,,,,,,,,,,,,,,,,,,,,,,,,,,,,,,,,,,,,,,,,,,,,,,,,,,,,
US House of Representatives - District 11 - Rep,USH11R,John Cowan,81,REP,34150,,,,,,,,,,,,,,,,,,,,,,,,,,,,,,,,,,,,,,,,,,,,,,,,,,,,,,,,,,,,,,,,,,,,,,,,
US House of Representatives - District 11 - Rep,USH11R,John Hobbs,82,REP,5086,,,,,,,,,,,,,,,,,,,,,,,,,,,,,,,,,,,,,,,,,,,,,,,,,,,,,,,,,,,,,,,,,,,,,,,,
US House of Representatives - District 11 - Rep,USH11R,Uloma Ekpete Kama,83,REP,1039,,,,,,,,,,,,,,,,,,,,,,,,,,,,,,,,,,,,,,,,,,,,,,,,,,,,,,,,,,,,,,,,,,,,,,,,
US House of Representatives - District 11 - Rep,USH11R,Chris Mora,84,REP,4121,,,,,,,,,,,,,,,,,,,,,,,,,,,,,,,,,,,,,,,,,,,,,,,,,,,,,,,,,,,,,,,,,,,,,,,,
US House of Representatives - District 11 - Rep,USH11R,Tricia Pridemore,85,REP,15200,,,,,,,,,,,,,,,,,,,,,,,,,,,,,,,,,,,,,,,,,,,,,,,,,,,,,,,,,,,,,,,,,,,,,,,,
US House of Representatives - District 11 - Rep,USH11R,Total Votes,,,80165,,,,,,,,,,,,,,,,,,,,,,,,,,,,,,,,,,,,,,,,,,,,,,,,,,,,,,,,,,,,,,,,,,,,,,,,
US House of Representatives - District 11 - Dem,USH11D,Chris Harden,86,DEM,39204,,,,,,,,,,,,,,,,,,,,,,,,,,,,,,,,,,,,,,,,,,,,,,,,,,,,,,,,,,,,,,,,,,,,,,,,
US House of Representatives - District 11 - Dem,USH11D,Barry Wolfert,87,DEM,13230,,,,,,,,,,,,,,,,,,,,,,,,,,,,,,,,,,,,,,,,,,,,,,,,,,,,,,,,,,,,,,,,,,,,,,,,
US House of Representatives - District 11 - Dem,USH11D,Total Votes,,,52434,,,,,,,,,,,,,,,,,,,,,,,,,,,,,,,,,,,,,,,,,,,,,,,,,,,,,,,,,,,,,,,,,,,,,,,,
US House of Representatives - District 12 - Rep,USH12R,Rick W. Allen (I),77,REP,59576,,,,,,,,,,,,,,,,,,,,,,,,,,,,,,,,,,,,,,,,,,,,,,,,,,,,,,,,,,,,,,,,,,,,,,,,
US House of Representatives - District 12 - Rep,USH12R,Tori Branum,78,REP,11884,,,,,,,,,,,,,,,,,,,,,,,,,,,,,,,,,,,,,,,,,,,,,,,,,,,,,,,,,,,,,,,,,,,,,,,,
US House of Representatives - District 12 - Rep,USH12R,Total Votes,,,71460,,,,,,,,,,,,,,,,,,,,,,,,,,,,,,,,,,,,,,,,,,,,,,,,,,,,,,,,,,,,,,,,,,,,,,,,
US House of Representatives - District 12 - Dem,USH12D,"Traci ""Acree"" George",79,DEM,16334,,,,,,,,,,,,,,,,,,,,,,,,,,,,,,,,,,,,,,,,,,,,,,,,,,,,,,,,,,,,,,,,,,,,,,,,
US House of Representatives - District 12 - Dem,USH12D,Tracell Peace-Nichols,80,DEM,6843,,,,,,,,,,,,,,,,,,,,,,,,,,,,,,,,,,,,,,,,,,,,,,,,,,,,,,,,,,,,,,,,,,,,,,,,
US House of Representatives - District 12 - Dem,USH12D,Ceretta Smith,81,DEM,20112,,,,,,,,,,,,,,,,,,,,,,,,,,,,,,,,,,,,,,,,,,,,,,,,,,,,,,,,,,,,,,,,,,,,,,,,
US House of Representatives - District 12 - Dem,USH12D,Chris Stephens,82,DEM,6539,,,,,,,,,,,,,,,,,,,,,,,,,,,,,,,,,,,,,,,,,,,,,,,,,,,,,,,,,,,,,,,,,,,,,,,,
US House of Representatives - District 12 - Dem,USH12D,Brianna Woodson,83,DEM,11456,,,,,,,,,,,,,,,,,,,,,,,,,,,,,,,,,,,,,,,,,,,,,,,,,,,,,,,,,,,,,,,,,,,,,,,,
US House of Representatives - District 12 - Dem,USH12D,Total Votes,,,61284,,,,,,,,,,,,,,,,,,,,,,,,,,,,,,,,,,,,,,,,,,,,,,,,,,,,,,,,,,,,,,,,,,,,,,,,
US House of Representatives - District 13 - Rep,USH13R,Jonathan Chavez,80,REP,25547,,,,,,,,,,,,,,,,,,,,,,,,,,,,,,,,,,,,,,,,,,,,,,,,,,,,,,,,,,,,,,,,,,,,,,,,
US House of Representatives - District 13 - Rep,USH13R,Total Votes,,,25547,,,,,,,,,,,,,,,,,,,,,,,,,,,,,,,,,,,,,,,,,,,,,,,,,,,,,,,,,,,,,,,,,,,,,,,,
US House of Representatives - District 13 - Dem,USH13D,"Everton ""EJ"" Blair",81,DEM,12733,,,,,,,,,,,,,,,,,,,,,,,,,,,,,,,,,,,,,,,,,,,,,,,,,,,,,,,,,,,,,,,,,,,,,,,,
US House of Representatives - District 13 - Dem,USH13D,Jasmine Clark,82,DEM,61504,,,,,,,,,,,,,,,,,,,,,,,,,,,,,,,,,,,,,,,,,,,,,,,,,,,,,,,,,,,,,,,,,,,,,,,,
US House of Representatives - District 13 - Dem,USH13D,Jeff Fauntleroy Sr.,83,DEM,1557,,,,,,,,,,,,,,,,,,,,,,,,,,,,,,,,,,,,,,,,,,,,,,,,,,,,,,,,,,,,,,,,,,,,,,,,
US House of Representatives - District 13 - Dem,USH13D,Emanuel D Jones,84,DEM,8204,,,,,,,,,,,,,,,,,,,,,,,,,,,,,,,,,,,,,,,,,,,,,,,,,,,,,,,,,,,,,,,,,,,,,,,,
US House of Representatives - District 13 - Dem,USH13D,Heavenly Kimes,85,DEM,23537,,,,,,,,,,,,,,,,,,,,,,,,,,,,,,,,,,,,,,,,,,,,,,,,,,,,,,,,,,,,,,,,,,,,,,,,
US House of Representatives - District 13 - Dem,USH13D,Joe N. Lester,86,DEM,2046,,,,,,,,,,,,,,,,,,,,,,,,,,,,,,,,,,,,,,,,,,,,,,,,,,,,,,,,,,,,,,,,,,,,,,,,
US House of Representatives - District 13 - Dem,USH13D,Total Votes,,,109581,,,,,,,,,,,,,,,,,,,,,,,,,,,,,,,,,,,,,,,,,,,,,,,,,,,,,,,,,,,,,,,,,,,,,,,,
US House of Representatives - District 14 - Rep,USH14R,Star Black,77,REP,1406,,,,,,,,,,,,,,,,,,,,,,,,,,,,,,,,,,,,,,,,,,,,,,,,,,,,,,,,,,,,,,,,,,,,,,,,
US House of Representatives - District 14 - Rep,USH14R,Reagan Box,78,REP,560,,,,,,,,,,,,,,,,,,,,,,,,,,,,,,,,,,,,,,,,,,,,,,,,,,,,,,,,,,,,,,,,,,,,,,,,
US House of Representatives - District 14 - Rep,USH14R,Beau Brown,79,REP,1489,,,,,,,,,,,,,,,,,,,,,,,,,,,,,,,,,,,,,,,,,,,,,,,,,,,,,,,,,,,,,,,,,,,,,,,,
US House of Representatives - District 14 - Rep,USH14R,Clay Fuller,81,REP,66888,,,,,,,,,,,,,,,,,,,,,,,,,,,,,,,,,,,,,,,,,,,,,,,,,,,,,,,,,,,,,,,,,,,,,,,,
US House of Representatives - District 14 - Rep,USH14R,Tom Gray,82,REP,2044,,,,,,,,,,,,,,,,,,,,,,,,,,,,,,,,,,,,,,,,,,,,,,,,,,,,,,,,,,,,,,,,,,,,,,,,
US House of Representatives - District 14 - Rep,USH14R,Nicky Lama,83,REP,1220,,,,,,,,,,,,,,,,,,,,,,,,,,,,,,,,,,,,,,,,,,,,,,,,,,,,,,,,,,,,,,,,,,,,,,,,
US House of Representatives - District 14 - Rep,USH14R,Colton Moore,84,REP,5508,,,,,,,,,,,,,,,,,,,,,,,,,,,,,,,,,,,,,,,,,,,,,,,,,,,,,,,,,,,,,,,,,,,,,,,,
US House of Representatives - District 14 - Rep,USH14R,Brian Stover,85,REP,3191,,,,,,,,,,,,,,,,,,,,,,,,,,,,,,,,,,,,,,,,,,,,,,,,,,,,,,,,,,,,,,,,,,,,,,,,
US House of Representatives - District 14 - Rep,USH14R,Total Votes,,,82306,,,,,,,,,,,,,,,,,,,,,,,,,,,,,,,,,,,,,,,,,,,,,,,,,,,,,,,,,,,,,,,,,,,,,,,,
US House of Representatives - District 14 - Dem,USH14D,Shawn Harris,87,DEM,43067,,,,,,,,,,,,,,,,,,,,,,,,,,,,,,,,,,,,,,,,,,,,,,,,,,,,,,,,,,,,,,,,,,,,,,,,
US House of Representatives - District 14 - Dem,USH14D,Total Votes,,,43067,,,,,,,,,,,,,,,,,,,,,,,,,,,,,,,,,,,,,,,,,,,,,,,,,,,,,,,,,,,,,,,,,,,,,,,,
State Senate - District 1 - Rep,SSD1R,Ben Watson (I),91,REP,17997,,,,,,,,,,,,,,,,,,,,,,,,,,,,,,,,,,,,,,,,,,,,,,,,,,,,,,,,,,,,,,,,,,,,,,,,
State Senate - District 1 - Rep,SSD1R,Total Votes,,,17997,,,,,,,,,,,,,,,,,,,,,,,,,,,,,,,,,,,,,,,,,,,,,,,,,,,,,,,,,,,,,,,,,,,,,,,,
State Senate - District 1 - Dem,SSD1D,Corey Foreman,92,DEM,9203,,,,,,,,,,,,,,,,,,,,,,,,,,,,,,,,,,,,,,,,,,,,,,,,,,,,,,,,,,,,,,,,,,,,,,,,
State Senate - District 1 - Dem,SSD1D,Barbara Gooby,93,DEM,6508,,,,,,,,,,,,,,,,,,,,,,,,,,,,,,,,,,,,,,,,,,,,,,,,,,,,,,,,,,,,,,,,,,,,,,,,
State Senate - District 1 - Dem,SSD1D,Total Votes,,,15711,,,,,,,,,,,,,,,,,,,,,,,,,,,,,,,,,,,,,,,,,,,,,,,,,,,,,,,,,,,,,,,,,,,,,,,,
State Senate - District 2 - Dem,SSD2D,Derek J. Mallow (I),80,DEM,21577,,,,,,,,,,,,,,,,,,,,,,,,,,,,,,,,,,,,,,,,,,,,,,,,,,,,,,,,,,,,,,,,,,,,,,,,
State Senate - District 2 - Dem,SSD2D,Total Votes,,,21577,,,,,,,,,,,,,,,,,,,,,,,,,,,,,,,,,,,,,,,,,,,,,,,,,,,,,,,,,,,,,,,,,,,,,,,,
State Senate - District 3 - Rep,SSD3R,Mike Hodges (I),91,REP,19770,,,,,,,,,,,,,,,,,,,,,,,,,,,,,,,,,,,,,,,,,,,,,,,,,,,,,,,,,,,,,,,,,,,,,,,,
State Senate - District 3 - Rep,SSD3R,Total Votes,,,19770,,,,,,,,,,,,,,,,,,,,,,,,,,,,,,,,,,,,,,,,,,,,,,,,,,,,,,,,,,,,,,,,,,,,,,,,
State Senate - District 4 - Rep,SSD4R,Billy Hickman (I),84,REP,16986,,,,,,,,,,,,,,,,,,,,,,,,,,,,,,,,,,,,,,,,,,,,,,,,,,,,,,,,,,,,,,,,,,,,,,,,
State Senate - District 4 - Rep,SSD4R,Total Votes,,,16986,,,,,,,,,,,,,,,,,,,,,,,,,,,,,,,,,,,,,,,,,,,,,,,,,,,,,,,,,,,,,,,,,,,,,,,,
State Senate - District 5/ Senador Estatal del Distrito 5 - Dem,SSD5D,Robin Emilia McCoy,100,DEM,5166,,,,,,,,,,,,,,,,,,,,,,,,,,,,,,,,,,,,,,,,,,,,,,,,,,,,,,,,,,,,,,,,,,,,,,,,
State Senate - District 5/ Senador Estatal del Distrito 5 - Dem,SSD5D,Sheikh Rahman (I),101,DEM,6188,,,,,,,,,,,,,,,,,,,,,,,,,,,,,,,,,,,,,,,,,,,,,,,,,,,,,,,,,,,,,,,,,,,,,,,,
State Senate - District 5/ Senador Estatal del Distrito 5 - Dem,SSD5D,Total Votes,,,11354,,,,,,,,,,,,,,,,,,,,,,,,,,,,,,,,,,,,,,,,,,,,,,,,,,,,,,,,,,,,,,,,,,,,,,,,
State Senate - District 6 - Rep,SSD6R,Matt Brass (I),80,REP,23411,,,,,,,,,,,,,,,,,,,,,,,,,,,,,,,,,,,,,,,,,,,,,,,,,,,,,,,,,,,,,,,,,,,,,,,,
State Senate - District 6 - Rep,SSD6R,Total Votes,,,23411,,,,,,,,,,,,,,,,,,,,,,,,,,,,,,,,,,,,,,,,,,,,,,,,,,,,,,,,,,,,,,,,,,,,,,,,
State Senate - District 6 - Dem,SSD6D,JerMarkus A. Jacobs,81,DEM,10503,,,,,,,,,,,,,,,,,,,,,,,,,,,,,,,,,,,,,,,,,,,,,,,,,,,,,,,,,,,,,,,,,,,,,,,,
State Senate - District 6 - Dem,SSD6D,Total Votes,,,10503,,,,,,,,,,,,,,,,,,,,,,,,,,,,,,,,,,,,,,,,,,,,,,,,,,,,,,,,,,,,,,,,,,,,,,,,
State Senate - District 7/ Senador Estatal del Distrito 7 - Rep,SSD7R,Aizaz Shahbaz Shaikh,102,REP,8686,,,,,,,,,,,,,,,,,,,,,,,,,,,,,,,,,,,,,,,,,,,,,,,,,,,,,,,,,,,,,,,,,,,,,,,,
State Senate - District 7/ Senador Estatal del Distrito 7 - Rep,SSD7R,Total Votes,,,8686,,,,,,,,,,,,,,,,,,,,,,,,,,,,,,,,,,,,,,,,,,,,,,,,,,,,,,,,,,,,,,,,,,,,,,,,
State Senate - District 7/ Senador Estatal del Distrito 7 - Dem,SSD7D,Rahul Garabadu,103,DEM,5960,,,,,,,,,,,,,,,,,,,,,,,,,,,,,,,,,,,,,,,,,,,,,,,,,,,,,,,,,,,,,,,,,,,,,,,,
State Senate - District 7/ Senador Estatal del Distrito 7 - Dem,SSD7D,Ruwa Romman,104,DEM,6859,,,,,,,,,,,,,,,,,,,,,,,,,,,,,,,,,,,,,,,,,,,,,,,,,,,,,,,,,,,,,,,,,,,,,,,,
State Senate - District 7/ Senador Estatal del Distrito 7 - Dem,SSD7D,Astrid S. Ross,105,DEM,5133,,,,,,,,,,,,,,,,,,,,,,,,,,,,,,,,,,,,,,,,,,,,,,,,,,,,,,,,,,,,,,,,,,,,,,,,
State Senate - District 7/ Senador Estatal del Distrito 7 - Dem,SSD7D,Total Votes,,,17952,,,,,,,,,,,,,,,,,,,,,,,,,,,,,,,,,,,,,,,,,,,,,,,,,,,,,,,,,,,,,,,,,,,,,,,,
Special State Senate - District 7/ Especial Senador Estatal del Distrito 7,SSD7,Astrid S. Ross (Dem),239,,9671,,,,,,,,,,,,,,,,,,,,,,,,,,,,,,,,,,,,,,,,,,,,,,,,,,,,,,,,,,,,,,,,,,,,,,,,
Special State Senate - District 7/ Especial Senador Estatal del Distrito 7,SSD7,Aizaz Shahbaz Shaikh (Rep),240,,9896,,,,,,,,,,,,,,,,,,,,,,,,,,,,,,,,,,,,,,,,,,,,,,,,,,,,,,,,,,,,,,,,,,,,,,,,
Special State Senate - District 7/ Especial Senador Estatal del Distrito 7,SSD7,Adrienne White (Dem),241,,9798,,,,,,,,,,,,,,,,,,,,,,,,,,,,,,,,,,,,,,,,,,,,,,,,,,,,,,,,,,,,,,,,,,,,,,,,
Special State Senate - District 7/ Especial Senador Estatal del Distrito 7,SSD7,Total Votes,,,29365,,,,,,,,,,,,,,,,,,,,,,,,,,,,,,,,,,,,,,,,,,,,,,,,,,,,,,,,,,,,,,,,,,,,,,,,
State Senate - District 8 - Rep,SSD8R,Russ Goodman (I),80,REP,13480,,,,,,,,,,,,,,,,,,,,,,,,,,,,,,,,,,,,,,,,,,,,,,,,,,,,,,,,,,,,,,,,,,,,,,,,
State Senate - District 8 - Rep,SSD8R,Total Votes,,,13480,,,,,,,,,,,,,,,,,,,,,,,,,,,,,,,,,,,,,,,,,,,,,,,,,,,,,,,,,,,,,,,,,,,,,,,,
State Senate - District 9/ Senador Estatal del Distrito 9 - Rep,SSD9R,Michael Johnson,106,REP,8372,,,,,,,,,,,,,,,,,,,,,,,,,,,,,,,,,,,,,,,,,,,,,,,,,,,,,,,,,,,,,,,,,,,,,,,,
State Senate - District 9/ Senador Estatal del Distrito 9 - Rep,SSD9R,Total Votes,,,8372,,,,,,,,,,,,,,,,,,,,,,,,,,,,,,,,,,,,,,,,,,,,,,,,,,,,,,,,,,,,,,,,,,,,,,,,
State Senate - District 9/ Senador Estatal del Distrito 9 - Dem,SSD9D,Nikki Merritt (I),107,DEM,21199,,,,,,,,,,,,,,,,,,,,,,,,,,,,,,,,,,,,,,,,,,,,,,,,,,,,,,,,,,,,,,,,,,,,,,,,
State Senate - District 9/ Senador Estatal del Distrito 9 - Dem,SSD9D,Total Votes,,,21199,,,,,,,,,,,,,,,,,,,,,,,,,,,,,,,,,,,,,,,,,,,,,,,,,,,,,,,,,,,,,,,,,,,,,,,,
State Senate - District 10 - Rep,SSD10R,Furquan Stafford,92,REP,3478,,,,,,,,,,,,,,,,,,,,,,,,,,,,,,,,,,,,,,,,,,,,,,,,,,,,,,,,,,,,,,,,,,,,,,,,
State Senate - District 10 - Rep,SSD10R,Total Votes,,,3478,,,,,,,,,,,,,,,,,,,,,,,,,,,,,,,,,,,,,,,,,,,,,,,,,,,,,,,,,,,,,,,,,,,,,,,,
State Senate - District 10 - Dem,SSD10D,Kate Denny,93,DEM,9448,,,,,,,,,,,,,,,,,,,,,,,,,,,,,,,,,,,,,,,,,,,,,,,,,,,,,,,,,,,,,,,,,,,,,,,,
State Senate - District 10 - Dem,SSD10D,Larry Johnson,94,DEM,21292,,,,,,,,,,,,,,,,,,,,,,,,,,,,,,,,,,,,,,,,,,,,,,,,,,,,,,,,,,,,,,,,,,,,,,,,
State Senate - District 10 - Dem,SSD10D,Gabrielle Rogers,95,DEM,11898,,,,,,,,,,,,,,,,,,,,,,,,,,,,,,,,,,,,,,,,,,,,,,,,,,,,,,,,,,,,,,,,,,,,,,,,
State Senate - District 10 - Dem,SSD10D,Sylvester Smith III,96,DEM,1971,,,,,,,,,,,,,,,,,,,,,,,,,,,,,,,,,,,,,,,,,,,,,,,,,,,,,,,,,,,,,,,,,,,,,,,,
State Senate - District 10 - Dem,SSD10D,Total Votes,,,44609,,,,,,,,,,,,,,,,,,,,,,,,,,,,,,,,,,,,,,,,,,,,,,,,,,,,,,,,,,,,,,,,,,,,,,,,
State Senate - District 11 - Rep,SSD11R,Sam Watson (I),80,REP,15016,,,,,,,,,,,,,,,,,,,,,,,,,,,,,,,,,,,,,,,,,,,,,,,,,,,,,,,,,,,,,,,,,,,,,,,,
State Senate - District 11 - Rep,SSD11R,Total Votes,,,15016,,,,,,,,,,,,,,,,,,,,,,,,,,,,,,,,,,,,,,,,,,,,,,,,,,,,,,,,,,,,,,,,,,,,,,,,
State Senate - District 12 - Dem,SSD12D,Edward Brown,80,DEM,7890,,,,,,,,,,,,,,,,,,,,,,,,,,,,,,,,,,,,,,,,,,,,,,,,,,,,,,,,,,,,,,,,,,,,,,,,
State Senate - District 12 - Dem,SSD12D,Corey B. Morgan,81,DEM,4138,,,,,,,,,,,,,,,,,,,,,,,,,,,,,,,,,,,,,,,,,,,,,,,,,,,,,,,,,,,,,,,,,,,,,,,,
State Senate - District 12 - Dem,SSD12D,Tracy Taylor,83,DEM,2642,,,,,,,,,,,,,,,,,,,,,,,,,,,,,,,,,,,,,,,,,,,,,,,,,,,,,,,,,,,,,,,,,,,,,,,,
State Senate - District 12 - Dem,SSD12D,Total Votes,,,14670,,,,,,,,,,,,,,,,,,,,,,,,,,,,,,,,,,,,,,,,,,,,,,,,,,,,,,,,,,,,,,,,,,,,,,,,
State Senate - District 13 - Rep,SSD13R,Carden H. Summers (I),80,REP,19326,,,,,,,,,,,,,,,,,,,,,,,,,,,,,,,,,,,,,,,,,,,,,,,,,,,,,,,,,,,,,,,,,,,,,,,,
State Senate - District 13 - Rep,SSD13R,Total Votes,,,19326,,,,,,,,,,,,,,,,,,,,,,,,,,,,,,,,,,,,,,,,,,,,,,,,,,,,,,,,,,,,,,,,,,,,,,,,
State Senate - District 14 - Rep,SSD14R,Mike Dvorscak,88,REP,7482,,,,,,,,,,,,,,,,,,,,,,,,,,,,,,,,,,,,,,,,,,,,,,,,,,,,,,,,,,,,,,,,,,,,,,,,
State Senate - District 14 - Rep,SSD14R,Tamara Johnson-Shealey,89,REP,1185,,,,,,,,,,,,,,,,,,,,,,,,,,,,,,,,,,,,,,,,,,,,,,,,,,,,,,,,,,,,,,,,,,,,,,,,
State Senate - District 14 - Rep,SSD14R,Carson McQueen,90,REP,3063,,,,,,,,,,,,,,,,,,,,,,,,,,,,,,,,,,,,,,,,,,,,,,,,,,,,,,,,,,,,,,,,,,,,,,,,
State Senate - District 14 - Rep,SSD14R,Total Votes,,,11730,,,,,,,,,,,,,,,,,,,,,,,,,,,,,,,,,,,,,,,,,,,,,,,,,,,,,,,,,,,,,,,,,,,,,,,,
State Senate - District 14 - Dem,SSD14D,Kevin Abel,91,DEM,7534,,,,,,,,,,,,,,,,,,,,,,,,,,,,,,,,,,,,,,,,,,,,,,,,,,,,,,,,,,,,,,,,,,,,,,,,
State Senate - District 14 - Dem,SSD14D,Kay Howell,92,DEM,6024,,,,,,,,,,,,,,,,,,,,,,,,,,,,,,,,,,,,,,,,,,,,,,,,,,,,,,,,,,,,,,,,,,,,,,,,
State Senate - District 14 - Dem,SSD14D,Nathalie J. Kanani,93,DEM,6564,,,,,,,,,,,,,,,,,,,,,,,,,,,,,,,,,,,,,,,,,,,,,,,,,,,,,,,,,,,,,,,,,,,,,,,,
State Senate - District 14 - Dem,SSD14D,Total Votes,,,20122,,,,,,,,,,,,,,,,,,,,,,,,,,,,,,,,,,,,,,,,,,,,,,,,,,,,,,,,,,,,,,,,,,,,,,,,
State Senate - District 15 - Rep,SSD15R,Chuck Hand,80,REP,6676,,,,,,,,,,,,,,,,,,,,,,,,,,,,,,,,,,,,,,,,,,,,,,,,,,,,,,,,,,,,,,,,,,,,,,,,
State Senate - District 15 - Rep,SSD15R,Total Votes,,,6676,,,,,,,,,,,,,,,,,,,,,,,,,,,,,,,,,,,,,,,,,,,,,,,,,,,,,,,,,,,,,,,,,,,,,,,,
State Senate - District 15 - Dem,SSD15D,Edward D Harbison,81,DEM,5574,,,,,,,,,,,,,,,,,,,,,,,,,,,,,,,,,,,,,,,,,,,,,,,,,,,,,,,,,,,,,,,,,,,,,,,,
State Senate - District 15 - Dem,SSD15D,"Tremaine ""Teddy"" Reese",82,DEM,11989,,,,,,,,,,,,,,,,,,,,,,,,,,,,,,,,,,,,,,,,,,,,,,,,,,,,,,,,,,,,,,,,,,,,,,,,
State Senate - District 15 - Dem,SSD15D,Alyssa Nia Williams,83,DEM,2841,,,,,,,,,,,,,,,,,,,,,,,,,,,,,,,,,,,,,,,,,,,,,,,,,,,,,,,,,,,,,,,,,,,,,,,,
State Senate - District 15 - Dem,SSD15D,Total Votes,,,20404,,,,,,,,,,,,,,,,,,,,,,,,,,,,,,,,,,,,,,,,,,,,,,,,,,,,,,,,,,,,,,,,,,,,,,,,
State Senate - District 16 - Rep,SSD16R,Marty Harbin (I),131,REP,25261,,,,,,,,,,,,,,,,,,,,,,,,,,,,,,,,,,,,,,,,,,,,,,,,,,,,,,,,,,,,,,,,,,,,,,,,
State Senate - District 16 - Rep,SSD16R,Total Votes,,,25261,,,,,,,,,,,,,,,,,,,,,,,,,,,,,,,,,,,,,,,,,,,,,,,,,,,,,,,,,,,,,,,,,,,,,,,,
State Senate - District 16 - Dem,SSD16D,Sonya Wimberly Hawkins,132,DEM,11610,,,,,,,,,,,,,,,,,,,,,,,,,,,,,,,,,,,,,,,,,,,,,,,,,,,,,,,,,,,,,,,,,,,,,,,,
State Senate - District 16 - Dem,SSD16D,Pauline Henley,133,DEM,4377,,,,,,,,,,,,,,,,,,,,,,,,,,,,,,,,,,,,,,,,,,,,,,,,,,,,,,,,,,,,,,,,,,,,,,,,
State Senate - District 16 - Dem,SSD16D,Total Votes,,,15987,,,,,,,,,,,,,,,,,,,,,,,,,,,,,,,,,,,,,,,,,,,,,,,,,,,,,,,,,,,,,,,,,,,,,,,,
State Senate - District 17 - Dem,SSD17D,Gail Davenport (I),88,DEM,26832,,,,,,,,,,,,,,,,,,,,,,,,,,,,,,,,,,,,,,,,,,,,,,,,,,,,,,,,,,,,,,,,,,,,,,,,
State Senate - District 17 - Dem,SSD17D,Duro Haynes,89,DEM,6138,,,,,,,,,,,,,,,,,,,,,,,,,,,,,,,,,,,,,,,,,,,,,,,,,,,,,,,,,,,,,,,,,,,,,,,,
State Senate - District 17 - Dem,SSD17D,Total Votes,,,32970,,,,,,,,,,,,,,,,,,,,,,,,,,,,,,,,,,,,,,,,,,,,,,,,,,,,,,,,,,,,,,,,,,,,,,,,
State Senate - District 18 - Rep,SSD18R,Eugene Allison,82,REP,2247,,,,,,,,,,,,,,,,,,,,,,,,,,,,,,,,,,,,,,,,,,,,,,,,,,,,,,,,,,,,,,,,,,,,,,,,
State Senate - District 18 - Rep,SSD18R,Steven McNeel (I),83,REP,20694,,,,,,,,,,,,,,,,,,,,,,,,,,,,,,,,,,,,,,,,,,,,,,,,,,,,,,,,,,,,,,,,,,,,,,,,
State Senate - District 18 - Rep,SSD18R,Total Votes,,,22941,,,,,,,,,,,,,,,,,,,,,,,,,,,,,,,,,,,,,,,,,,,,,,,,,,,,,,,,,,,,,,,,,,,,,,,,
State Senate - District 19 - Rep,SS19R,Dwayne Hamilton Gillis,92,REP,7717,,,,,,,,,,,,,,,,,,,,,,,,,,,,,,,,,,,,,,,,,,,,,,,,,,,,,,,,,,,,,,,,,,,,,,,,
State Senate - District 19 - Rep,SS19R,Travis Hodges,93,REP,1867,,,,,,,,,,,,,,,,,,,,,,,,,,,,,,,,,,,,,,,,,,,,,,,,,,,,,,,,,,,,,,,,,,,,,,,,
State Senate - District 19 - Rep,SS19R,David Sikes,94,REP,12739,,,,,,,,,,,,,,,,,,,,,,,,,,,,,,,,,,,,,,,,,,,,,,,,,,,,,,,,,,,,,,,,,,,,,,,,
State Senate - District 19 - Rep,SS19R,Total Votes,,,22323,,,,,,,,,,,,,,,,,,,,,,,,,,,,,,,,,,,,,,,,,,,,,,,,,,,,,,,,,,,,,,,,,,,,,,,,
State Senate - District 19 - Dem,SS19D,Eddy Delgado,95,DEM,2120,,,,,,,,,,,,,,,,,,,,,,,,,,,,,,,,,,,,,,,,,,,,,,,,,,,,,,,,,,,,,,,,,,,,,,,,
State Senate - District 19 - Dem,SS19D,Joshua C. Wilkerson,96,DEM,4286,,,,,,,,,,,,,,,,,,,,,,,,,,,,,,,,,,,,,,,,,,,,,,,,,,,,,,,,,,,,,,,,,,,,,,,,
State Senate - District 19 - Dem,SS19D,Total Votes,,,6406,,,,,,,,,,,,,,,,,,,,,,,,,,,,,,,,,,,,,,,,,,,,,,,,,,,,,,,,,,,,,,,,,,,,,,,,
State Senate - District 20 - Rep,SSD20R,Larry Walker (I),120,REP,20561,,,,,,,,,,,,,,,,,,,,,,,,,,,,,,,,,,,,,,,,,,,,,,,,,,,,,,,,,,,,,,,,,,,,,,,,
State Senate - District 20 - Rep,SSD20R,Total Votes,,,20561,,,,,,,,,,,,,,,,,,,,,,,,,,,,,,,,,,,,,,,,,,,,,,,,,,,,,,,,,,,,,,,,,,,,,,,,
State Senate - District 21 - Rep,SSD21R,Jason T. Dickerson (I),92,REP,24384,,,,,,,,,,,,,,,,,,,,,,,,,,,,,,,,,,,,,,,,,,,,,,,,,,,,,,,,,,,,,,,,,,,,,,,,
State Senate - District 21 - Rep,SSD21R,Total Votes,,,24384,,,,,,,,,,,,,,,,,,,,,,,,,,,,,,,,,,,,,,,,,,,,,,,,,,,,,,,,,,,,,,,,,,,,,,,,
State Senate - District 21 - Dem,SSD21D,Kori Simmons,93,DEM,11063,,,,,,,,,,,,,,,,,,,,,,,,,,,,,,,,,,,,,,,,,,,,,,,,,,,,,,,,,,,,,,,,,,,,,,,,
State Senate - District 21 - Dem,SSD21D,Total Votes,,,11063,,,,,,,,,,,,,,,,,,,,,,,,,,,,,,,,,,,,,,,,,,,,,,,,,,,,,,,,,,,,,,,,,,,,,,,,
State Senate - District 22 - Dem,SSD22D,Harold V. Jones II (I),84,DEM,24467,,,,,,,,,,,,,,,,,,,,,,,,,,,,,,,,,,,,,,,,,,,,,,,,,,,,,,,,,,,,,,,,,,,,,,,,
State Senate - District 22 - Dem,SSD22D,Total Votes,,,24467,,,,,,,,,,,,,,,,,,,,,,,,,,,,,,,,,,,,,,,,,,,,,,,,,,,,,,,,,,,,,,,,,,,,,,,,
State Senate - District 23 - Rep,SSD23R,Max Burns (I),117,REP,16529,,,,,,,,,,,,,,,,,,,,,,,,,,,,,,,,,,,,,,,,,,,,,,,,,,,,,,,,,,,,,,,,,,,,,,,,
State Senate - District 23 - Rep,SSD23R,Total Votes,,,16529,,,,,,,,,,,,,,,,,,,,,,,,,,,,,,,,,,,,,,,,,,,,,,,,,,,,,,,,,,,,,,,,,,,,,,,,
State Senate - District 23 - Dem,SSD23D,Shayna Boston,118,DEM,10973,,,,,,,,,,,,,,,,,,,,,,,,,,,,,,,,,,,,,,,,,,,,,,,,,,,,,,,,,,,,,,,,,,,,,,,,
State Senate - District 23 - Dem,SSD23D,"Satoria ""Tony"" Ragin",119,DEM,4212,,,,,,,,,,,,,,,,,,,,,,,,,,,,,,,,,,,,,,,,,,,,,,,,,,,,,,,,,,,,,,,,,,,,,,,,
State Senate - District 23 - Dem,SSD23D,Total Votes,,,15185,,,,,,,,,,,,,,,,,,,,,,,,,,,,,,,,,,,,,,,,,,,,,,,,,,,,,,,,,,,,,,,,,,,,,,,,
State Senate - District 24 - Rep,SSD24R,Lee Anderson (I),87,REP,26287,,,,,,,,,,,,,,,,,,,,,,,,,,,,,,,,,,,,,,,,,,,,,,,,,,,,,,,,,,,,,,,,,,,,,,,,
State Senate - District 24 - Rep,SSD24R,Total Votes,,,26287,,,,,,,,,,,,,,,,,,,,,,,,,,,,,,,,,,,,,,,,,,,,,,,,,,,,,,,,,,,,,,,,,,,,,,,,
State Senate - District 24 - Dem,SSD24D,Lorraine V. Thomas,88,DEM,8799,,,,,,,,,,,,,,,,,,,,,,,,,,,,,,,,,,,,,,,,,,,,,,,,,,,,,,,,,,,,,,,,,,,,,,,,
State Senate - District 24 - Dem,SSD24D,Catie Young,89,DEM,2954,,,,,,,,,,,,,,,,,,,,,,,,,,,,,,,,,,,,,,,,,,,,,,,,,,,,,,,,,,,,,,,,,,,,,,,,
State Senate - District 24 - Dem,SSD24D,Total Votes,,,11753,,,,,,,,,,,,,,,,,,,,,,,,,,,,,,,,,,,,,,,,,,,,,,,,,,,,,,,,,,,,,,,,,,,,,,,,
State Senate - District 25 - Rep,SSD25R,Rick A. Williams (I),130,REP,21236,,,,,,,,,,,,,,,,,,,,,,,,,,,,,,,,,,,,,,,,,,,,,,,,,,,,,,,,,,,,,,,,,,,,,,,,
State Senate - District 25 - Rep,SSD25R,Total Votes,,,21236,,,,,,,,,,,,,,,,,,,,,,,,,,,,,,,,,,,,,,,,,,,,,,,,,,,,,,,,,,,,,,,,,,,,,,,,
State Senate - District 26 - Rep,SSD26R,Nancy Hicks,85,REP,3366,,,,,,,,,,,,,,,,,,,,,,,,,,,,,,,,,,,,,,,,,,,,,,,,,,,,,,,,,,,,,,,,,,,,,,,,
State Senate - District 26 - Rep,SSD26R,Tracy Wheeler,86,REP,4450,,,,,,,,,,,,,,,,,,,,,,,,,,,,,,,,,,,,,,,,,,,,,,,,,,,,,,,,,,,,,,,,,,,,,,,,
State Senate - District 26 - Rep,SSD26R,Total Votes,,,7816,,,,,,,,,,,,,,,,,,,,,,,,,,,,,,,,,,,,,,,,,,,,,,,,,,,,,,,,,,,,,,,,,,,,,,,,
State Senate - District 26 - Dem,SSD26D,David E. Lucas (I),87,DEM,19112,,,,,,,,,,,,,,,,,,,,,,,,,,,,,,,,,,,,,,,,,,,,,,,,,,,,,,,,,,,,,,,,,,,,,,,,
State Senate - District 26 - Dem,SSD26D,Total Votes,,,19112,,,,,,,,,,,,,,,,,,,,,,,,,,,,,,,,,,,,,,,,,,,,,,,,,,,,,,,,,,,,,,,,,,,,,,,,
State Senate - District 27 - Rep,SSD27R,Klaus Buck,83,REP,1127,,,,,,,,,,,,,,,,,,,,,,,,,,,,,,,,,,,,,,,,,,,,,,,,,,,,,,,,,,,,,,,,,,,,,,,,
State Senate - District 27 - Rep,SSD27R,Mike Dudgeon,84,REP,12754,,,,,,,,,,,,,,,,,,,,,,,,,,,,,,,,,,,,,,,,,,,,,,,,,,,,,,,,,,,,,,,,,,,,,,,,
State Senate - District 27 - Rep,SSD27R,Marc Martinelli,85,REP,2094,,,,,,,,,,,,,,,,,,,,,,,,,,,,,,,,,,,,,,,,,,,,,,,,,,,,,,,,,,,,,,,,,,,,,,,,
State Senate - District 27 - Rep,SSD27R,Carter Patterson,86,REP,7252,,,,,,,,,,,,,,,,,,,,,,,,,,,,,,,,,,,,,,,,,,,,,,,,,,,,,,,,,,,,,,,,,,,,,,,,
State Senate - District 27 - Rep,SSD27R,Total Votes,,,23227,,,,,,,,,,,,,,,,,,,,,,,,,,,,,,,,,,,,,,,,,,,,,,,,,,,,,,,,,,,,,,,,,,,,,,,,
State Senate - District 27 - Dem,SSD27D,Jessica Roper,87,DEM,8608,,,,,,,,,,,,,,,,,,,,,,,,,,,,,,,,,,,,,,,,,,,,,,,,,,,,,,,,,,,,,,,,,,,,,,,,
State Senate - District 27 - Dem,SSD27D,Total Votes,,,8608,,,,,,,,,,,,,,,,,,,,,,,,,,,,,,,,,,,,,,,,,,,,,,,,,,,,,,,,,,,,,,,,,,,,,,,,
State Senate - District 28 - Dem,SSD28D,Donzella James (I),101,DEM,27830,,,,,,,,,,,,,,,,,,,,,,,,,,,,,,,,,,,,,,,,,,,,,,,,,,,,,,,,,,,,,,,,,,,,,,,,
State Senate - District 28 - Dem,SSD28D,Mel Keyton,102,DEM,5830,,,,,,,,,,,,,,,,,,,,,,,,,,,,,,,,,,,,,,,,,,,,,,,,,,,,,,,,,,,,,,,,,,,,,,,,
State Senate - District 28 - Dem,SSD28D,Total Votes,,,33660,,,,,,,,,,,,,,,,,,,,,,,,,,,,,,,,,,,,,,,,,,,,,,,,,,,,,,,,,,,,,,,,,,,,,,,,
State Senate - District 29 - Rep,SSD29R,Randy Robertson (I),80,REP,19720,,,,,,,,,,,,,,,,,,,,,,,,,,,,,,,,,,,,,,,,,,,,,,,,,,,,,,,,,,,,,,,,,,,,,,,,
State Senate - District 29 - Rep,SSD29R,Total Votes,,,19720,,,,,,,,,,,,,,,,,,,,,,,,,,,,,,,,,,,,,,,,,,,,,,,,,,,,,,,,,,,,,,,,,,,,,,,,
State Senate - District 29 - Dem,SSD29D,Jeff Lowe,81,DEM,13040,,,,,,,,,,,,,,,,,,,,,,,,,,,,,,,,,,,,,,,,,,,,,,,,,,,,,,,,,,,,,,,,,,,,,,,,
State Senate - District 29 - Dem,SSD29D,Total Votes,,,13040,,,,,,,,,,,,,,,,,,,,,,,,,,,,,,,,,,,,,,,,,,,,,,,,,,,,,,,,,,,,,,,,,,,,,,,,
State Senate - District 30 - Rep,SSD30R,Timothy J. Bearden (I),82,REP,17502,,,,,,,,,,,,,,,,,,,,,,,,,,,,,,,,,,,,,,,,,,,,,,,,,,,,,,,,,,,,,,,,,,,,,,,,
State Senate - District 30 - Rep,SSD30R,Total Votes,,,17502,,,,,,,,,,,,,,,,,,,,,,,,,,,,,,,,,,,,,,,,,,,,,,,,,,,,,,,,,,,,,,,,,,,,,,,,
State Senate - District 30 - Dem,SSD30D,Wanda Cooper,83,DEM,13025,,,,,,,,,,,,,,,,,,,,,,,,,,,,,,,,,,,,,,,,,,,,,,,,,,,,,,,,,,,,,,,,,,,,,,,,
State Senate - District 30 - Dem,SSD30D,Total Votes,,,13025,,,,,,,,,,,,,,,,,,,,,,,,,,,,,,,,,,,,,,,,,,,,,,,,,,,,,,,,,,,,,,,,,,,,,,,,
State Senate - District 31 - Rep,SSD31R,Jason R. Anavitarte (I),90,REP,16474,,,,,,,,,,,,,,,,,,,,,,,,,,,,,,,,,,,,,,,,,,,,,,,,,,,,,,,,,,,,,,,,,,,,,,,,
State Senate - District 31 - Rep,SSD31R,Daniel Davenport,91,REP,4299,,,,,,,,,,,,,,,,,,,,,,,,,,,,,,,,,,,,,,,,,,,,,,,,,,,,,,,,,,,,,,,,,,,,,,,,
State Senate - District 31 - Rep,SSD31R,Total Votes,,,20773,,,,,,,,,,,,,,,,,,,,,,,,,,,,,,,,,,,,,,,,,,,,,,,,,,,,,,,,,,,,,,,,,,,,,,,,
State Senate - District 31 - Dem,SSD31D,Alec Miller,92,DEM,8555,,,,,,,,,,,,,,,,,,,,,,,,,,,,,,,,,,,,,,,,,,,,,,,,,,,,,,,,,,,,,,,,,,,,,,,,
State Senate - District 31 - Dem,SSD31D,Josh Plancher,93,DEM,3761,,,,,,,,,,,,,,,,,,,,,,,,,,,,,,,,,,,,,,,,,,,,,,,,,,,,,,,,,,,,,,,,,,,,,,,,
State Senate - District 31 - Dem,SSD31D,Total Votes,,,12316,,,,,,,,,,,,,,,,,,,,,,,,,,,,,,,,,,,,,,,,,,,,,,,,,,,,,,,,,,,,,,,,,,,,,,,,
State Senate - District 32 - Rep,SSD32R,Kay Kirkpatrick (I),94,REP,18178,,,,,,,,,,,,,,,,,,,,,,,,,,,,,,,,,,,,,,,,,,,,,,,,,,,,,,,,,,,,,,,,,,,,,,,,
State Senate - District 32 - Rep,SSD32R,Total Votes,,,18178,,,,,,,,,,,,,,,,,,,,,,,,,,,,,,,,,,,,,,,,,,,,,,,,,,,,,,,,,,,,,,,,,,,,,,,,
State Senate - District 32 - Dem,SSD32D,Michael Hettig,95,DEM,14502,,,,,,,,,,,,,,,,,,,,,,,,,,,,,,,,,,,,,,,,,,,,,,,,,,,,,,,,,,,,,,,,,,,,,,,,
State Senate - District 32 - Dem,SSD32D,Total Votes,,,14502,,,,,,,,,,,,,,,,,,,,,,,,,,,,,,,,,,,,,,,,,,,,,,,,,,,,,,,,,,,,,,,,,,,,,,,,
State Senate - District 33 - Dem,SSD33D,Michael Doc Rhett (I),105,DEM,20241,,,,,,,,,,,,,,,,,,,,,,,,,,,,,,,,,,,,,,,,,,,,,,,,,,,,,,,,,,,,,,,,,,,,,,,,
State Senate - District 33 - Dem,SSD33D,Total Votes,,,20241,,,,,,,,,,,,,,,,,,,,,,,,,,,,,,,,,,,,,,,,,,,,,,,,,,,,,,,,,,,,,,,,,,,,,,,,
State Senate - District 34 - Dem,SSD34D,Gabriel Martin,90,DEM,5594,,,,,,,,,,,,,,,,,,,,,,,,,,,,,,,,,,,,,,,,,,,,,,,,,,,,,,,,,,,,,,,,,,,,,,,,
State Senate - District 34 - Dem,SSD34D,Kenya Wicks (I),91,DEM,19778,,,,,,,,,,,,,,,,,,,,,,,,,,,,,,,,,,,,,,,,,,,,,,,,,,,,,,,,,,,,,,,,,,,,,,,,
State Senate - District 34 - Dem,SSD34D,Total Votes,,,25372,,,,,,,,,,,,,,,,,,,,,,,,,,,,,,,,,,,,,,,,,,,,,,,,,,,,,,,,,,,,,,,,,,,,,,,,
State Senate - District 35 - Dem,SSD35D,Elfreda Desvignes,106,DEM,2787,,,,,,,,,,,,,,,,,,,,,,,,,,,,,,,,,,,,,,,,,,,,,,,,,,,,,,,,,,,,,,,,,,,,,,,,
State Senate - District 35 - Dem,SSD35D,Jaha V. Howard (I),107,DEM,22257,,,,,,,,,,,,,,,,,,,,,,,,,,,,,,,,,,,,,,,,,,,,,,,,,,,,,,,,,,,,,,,,,,,,,,,,
State Senate - District 35 - Dem,SSD35D,Erica-Denise Solomon,108,DEM,8871,,,,,,,,,,,,,,,,,,,,,,,,,,,,,,,,,,,,,,,,,,,,,,,,,,,,,,,,,,,,,,,,,,,,,,,,
State Senate - District 35 - Dem,SSD35D,Total Votes,,,33915,,,,,,,,,,,,,,,,,,,,,,,,,,,,,,,,,,,,,,,,,,,,,,,,,,,,,,,,,,,,,,,,,,,,,,,,
State Senate - District 36 - Rep,SSD36R,Katie Corkren,101,REP,1624,,,,,,,,,,,,,,,,,,,,,,,,,,,,,,,,,,,,,,,,,,,,,,,,,,,,,,,,,,,,,,,,,,,,,,,,
State Senate - District 36 - Rep,SSD36R,Total Votes,,,1624,,,,,,,,,,,,,,,,,,,,,,,,,,,,,,,,,,,,,,,,,,,,,,,,,,,,,,,,,,,,,,,,,,,,,,,,
State Senate - District 36 - Dem,SSD36D,Nan Grogan Orrock (I),102,DEM,30995,,,,,,,,,,,,,,,,,,,,,,,,,,,,,,,,,,,,,,,,,,,,,,,,,,,,,,,,,,,,,,,,,,,,,,,,
State Senate - District 36 - Dem,SSD36D,Total Votes,,,30995,,,,,,,,,,,,,,,,,,,,,,,,,,,,,,,,,,,,,,,,,,,,,,,,,,,,,,,,,,,,,,,,,,,,,,,,
State Senate - District 37 - Rep,SSD37R,Ed Setzler (I),88,REP,20433,,,,,,,,,,,,,,,,,,,,,,,,,,,,,,,,,,,,,,,,,,,,,,,,,,,,,,,,,,,,,,,,,,,,,,,,
State Senate - District 37 - Rep,SSD37R,Total Votes,,,20433,,,,,,,,,,,,,,,,,,,,,,,,,,,,,,,,,,,,,,,,,,,,,,,,,,,,,,,,,,,,,,,,,,,,,,,,
State Senate - District 37 - Dem,SSD37D,Darcy Castro,89,DEM,13638,,,,,,,,,,,,,,,,,,,,,,,,,,,,,,,,,,,,,,,,,,,,,,,,,,,,,,,,,,,,,,,,,,,,,,,,
State Senate - District 37 - Dem,SSD37D,Zachary Neville,90,DEM,6368,,,,,,,,,,,,,,,,,,,,,,,,,,,,,,,,,,,,,,,,,,,,,,,,,,,,,,,,,,,,,,,,,,,,,,,,
State Senate - District 37 - Dem,SSD37D,Total Votes,,,20006,,,,,,,,,,,,,,,,,,,,,,,,,,,,,,,,,,,,,,,,,,,,,,,,,,,,,,,,,,,,,,,,,,,,,,,,
State Senate - District 38 - Rep,SSD38R,Eric Helvy,103,REP,3432,,,,,,,,,,,,,,,,,,,,,,,,,,,,,,,,,,,,,,,,,,,,,,,,,,,,,,,,,,,,,,,,,,,,,,,,
State Senate - District 38 - Rep,SSD38R,"Gregory ""Pop"" Thomas",104,REP,1698,,,,,,,,,,,,,,,,,,,,,,,,,,,,,,,,,,,,,,,,,,,,,,,,,,,,,,,,,,,,,,,,,,,,,,,,
State Senate - District 38 - Rep,SSD38R,Total Votes,,,5130,,,,,,,,,,,,,,,,,,,,,,,,,,,,,,,,,,,,,,,,,,,,,,,,,,,,,,,,,,,,,,,,,,,,,,,,
State Senate - District 38 - Dem,SSD38D,Rashaun Kemp (I),105,DEM,31332,,,,,,,,,,,,,,,,,,,,,,,,,,,,,,,,,,,,,,,,,,,,,,,,,,,,,,,,,,,,,,,,,,,,,,,,
State Senate - District 38 - Dem,SSD38D,Total Votes,,,31332,,,,,,,,,,,,,,,,,,,,,,,,,,,,,,,,,,,,,,,,,,,,,,,,,,,,,,,,,,,,,,,,,,,,,,,,
State Senate - District 39 - Rep,SSD39R,"John F. Guest, Jr.",106,REP,2519,,,,,,,,,,,,,,,,,,,,,,,,,,,,,,,,,,,,,,,,,,,,,,,,,,,,,,,,,,,,,,,,,,,,,,,,
State Senate - District 39 - Rep,SSD39R,Total Votes,,,2519,,,,,,,,,,,,,,,,,,,,,,,,,,,,,,,,,,,,,,,,,,,,,,,,,,,,,,,,,,,,,,,,,,,,,,,,
State Senate - District 39 - Dem,SSD39D,Sonya Halpern,107,DEM,28293,,,,,,,,,,,,,,,,,,,,,,,,,,,,,,,,,,,,,,,,,,,,,,,,,,,,,,,,,,,,,,,,,,,,,,,,
State Senate - District 39 - Dem,SSD39D,Total Votes,,,28293,,,,,,,,,,,,,,,,,,,,,,,,,,,,,,,,,,,,,,,,,,,,,,,,,,,,,,,,,,,,,,,,,,,,,,,,
State Senate - District 40 - Rep,SSD40R,Melina R. Mast,97,REP,7596,,,,,,,,,,,,,,,,,,,,,,,,,,,,,,,,,,,,,,,,,,,,,,,,,,,,,,,,,,,,,,,,,,,,,,,,
State Senate - District 40 - Rep,SSD40R,Total Votes,,,7596,,,,,,,,,,,,,,,,,,,,,,,,,,,,,,,,,,,,,,,,,,,,,,,,,,,,,,,,,,,,,,,,,,,,,,,,
State Senate - District 40 - Dem,SSD40D,Sally Harrell (I),98,DEM,18874,,,,,,,,,,,,,,,,,,,,,,,,,,,,,,,,,,,,,,,,,,,,,,,,,,,,,,,,,,,,,,,,,,,,,,,,
State Senate - District 40 - Dem,SSD40D,Total Votes,,,18874,,,,,,,,,,,,,,,,,,,,,,,,,,,,,,,,,,,,,,,,,,,,,,,,,,,,,,,,,,,,,,,,,,,,,,,,
State Senate - District 41 - Rep,SSD41R,Jeff Newlin,99,REP,2725,,,,,,,,,,,,,,,,,,,,,,,,,,,,,,,,,,,,,,,,,,,,,,,,,,,,,,,,,,,,,,,,,,,,,,,,
State Senate - District 41 - Rep,SSD41R,Total Votes,,,2725,,,,,,,,,,,,,,,,,,,,,,,,,,,,,,,,,,,,,,,,,,,,,,,,,,,,,,,,,,,,,,,,,,,,,,,,
State Senate - District 41 - Dem,SSD41D,Kim Jackson (I),100,DEM,21181,,,,,,,,,,,,,,,,,,,,,,,,,,,,,,,,,,,,,,,,,,,,,,,,,,,,,,,,,,,,,,,,,,,,,,,,
State Senate - District 41 - Dem,SSD41D,Shenika Lavern Maddox,101,DEM,6865,,,,,,,,,,,,,,,,,,,,,,,,,,,,,,,,,,,,,,,,,,,,,,,,,,,,,,,,,,,,,,,,,,,,,,,,
State Senate - District 41 - Dem,SSD41D,Total Votes,,,28046,,,,,,,,,,,,,,,,,,,,,,,,,,,,,,,,,,,,,,,,,,,,,,,,,,,,,,,,,,,,,,,,,,,,,,,,
State Senate - District 42 - Rep,SSD42R,Bret A. Dunn,102,REP,19377,,,,,,,,,,,,,,,,,,,,,,,,,,,,,,,,,,,,,,,,,,,,,,,,,,,,,,,,,,,,,,,,,,,,,,,,
State Senate - District 42 - Rep,SSD42R,Total Votes,,,19377,,,,,,,,,,,,,,,,,,,,,,,,,,,,,,,,,,,,,,,,,,,,,,,,,,,,,,,,,,,,,,,,,,,,,,,,
State Senate - District 42 - Dem,SSD42D,"Eric W. Lee, Sr.",103,DEM,19613,,,,,,,,,,,,,,,,,,,,,,,,,,,,,,,,,,,,,,,,,,,,,,,,,,,,,,,,,,,,,,,,,,,,,,,,
State Senate - District 42 - Dem,SSD42D,Total Votes,,,19613,,,,,,,,,,,,,,,,,,,,,,,,,,,,,,,,,,,,,,,,,,,,,,,,,,,,,,,,,,,,,,,,,,,,,,,,
State Senate - District 43 - Dem,SSD43D,Tonya P. Anderson (I),102,DEM,24811,,,,,,,,,,,,,,,,,,,,,,,,,,,,,,,,,,,,,,,,,,,,,,,,,,,,,,,,,,,,,,,,,,,,,,,,
State Senate - District 43 - Dem,SSD43D,"Donald ""Ferg"" Ferguson",103,DEM,2294,,,,,,,,,,,,,,,,,,,,,,,,,,,,,,,,,,,,,,,,,,,,,,,,,,,,,,,,,,,,,,,,,,,,,,,,
State Senate - District 43 - Dem,SSD43D,Sharon Henderson,104,DEM,7119,,,,,,,,,,,,,,,,,,,,,,,,,,,,,,,,,,,,,,,,,,,,,,,,,,,,,,,,,,,,,,,,,,,,,,,,
State Senate - District 43 - Dem,SSD43D,Total Votes,,,34224,,,,,,,,,,,,,,,,,,,,,,,,,,,,,,,,,,,,,,,,,,,,,,,,,,,,,,,,,,,,,,,,,,,,,,,,
State Senate - District 44 - Rep,SSD44R,Ngozi Orabueze,92,REP,1855,,,,,,,,,,,,,,,,,,,,,,,,,,,,,,,,,,,,,,,,,,,,,,,,,,,,,,,,,,,,,,,,,,,,,,,,
State Senate - District 44 - Rep,SSD44R,Total Votes,,,1855,,,,,,,,,,,,,,,,,,,,,,,,,,,,,,,,,,,,,,,,,,,,,,,,,,,,,,,,,,,,,,,,,,,,,,,,
State Senate - District 44 - Dem,SSD44D,Saira Draper,93,DEM,25673,,,,,,,,,,,,,,,,,,,,,,,,,,,,,,,,,,,,,,,,,,,,,,,,,,,,,,,,,,,,,,,,,,,,,,,,
State Senate - District 44 - Dem,SSD44D,Nadine Thomas,94,DEM,17690,,,,,,,,,,,,,,,,,,,,,,,,,,,,,,,,,,,,,,,,,,,,,,,,,,,,,,,,,,,,,,,,,,,,,,,,
State Senate - District 44 - Dem,SSD44D,Total Votes,,,43363,,,,,,,,,,,,,,,,,,,,,,,,,,,,,,,,,,,,,,,,,,,,,,,,,,,,,,,,,,,,,,,,,,,,,,,,
State Senate - District 45 - Rep,SSD45R,Clint Dixon (I),83,REP,14225,,,,,,,,,,,,,,,,,,,,,,,,,,,,,,,,,,,,,,,,,,,,,,,,,,,,,,,,,,,,,,,,,,,,,,,,
State Senate - District 45 - Rep,SSD45R,Total Votes,,,14225,,,,,,,,,,,,,,,,,,,,,,,,,,,,,,,,,,,,,,,,,,,,,,,,,,,,,,,,,,,,,,,,,,,,,,,,
State Senate - District 45 - Dem,SSD45D,Scott Tippetts,84,DEM,12782,,,,,,,,,,,,,,,,,,,,,,,,,,,,,,,,,,,,,,,,,,,,,,,,,,,,,,,,,,,,,,,,,,,,,,,,
State Senate - District 45 - Dem,SSD45D,Total Votes,,,12782,,,,,,,,,,,,,,,,,,,,,,,,,,,,,,,,,,,,,,,,,,,,,,,,,,,,,,,,,,,,,,,,,,,,,,,,
State Senate - District 46 - Rep,SSD46R,Michael Broun,85,REP,4966,,,,,,,,,,,,,,,,,,,,,,,,,,,,,,,,,,,,,,,,,,,,,,,,,,,,,,,,,,,,,,,,,,,,,,,,
State Senate - District 46 - Rep,SSD46R,Doug McKillip,86,REP,7812,,,,,,,,,,,,,,,,,,,,,,,,,,,,,,,,,,,,,,,,,,,,,,,,,,,,,,,,,,,,,,,,,,,,,,,,
State Senate - District 46 - Rep,SSD46R,Marc McMain,87,REP,9768,,,,,,,,,,,,,,,,,,,,,,,,,,,,,,,,,,,,,,,,,,,,,,,,,,,,,,,,,,,,,,,,,,,,,,,,
State Senate - District 46 - Rep,SSD46R,Total Votes,,,22546,,,,,,,,,,,,,,,,,,,,,,,,,,,,,,,,,,,,,,,,,,,,,,,,,,,,,,,,,,,,,,,,,,,,,,,,
State Senate - District 46 - Dem,SSD46D,William Gaulden,88,DEM,5817,,,,,,,,,,,,,,,,,,,,,,,,,,,,,,,,,,,,,,,,,,,,,,,,,,,,,,,,,,,,,,,,,,,,,,,,
State Senate - District 46 - Dem,SSD46D,Ray Smith,89,DEM,8677,,,,,,,,,,,,,,,,,,,,,,,,,,,,,,,,,,,,,,,,,,,,,,,,,,,,,,,,,,,,,,,,,,,,,,,,
State Senate - District 46 - Dem,SSD46D,Total Votes,,,14494,,,,,,,,,,,,,,,,,,,,,,,,,,,,,,,,,,,,,,,,,,,,,,,,,,,,,,,,,,,,,,,,,,,,,,,,
State Senate - District 47 - Rep,SSD47R,Jason Black,90,REP,9969,,,,,,,,,,,,,,,,,,,,,,,,,,,,,,,,,,,,,,,,,,,,,,,,,,,,,,,,,,,,,,,,,,,,,,,,
State Senate - District 47 - Rep,SSD47R,Frank Ginn (I),91,REP,10379,,,,,,,,,,,,,,,,,,,,,,,,,,,,,,,,,,,,,,,,,,,,,,,,,,,,,,,,,,,,,,,,,,,,,,,,
State Senate - District 47 - Rep,SSD47R,Total Votes,,,20348,,,,,,,,,,,,,,,,,,,,,,,,,,,,,,,,,,,,,,,,,,,,,,,,,,,,,,,,,,,,,,,,,,,,,,,,
State Senate - District 47 - Dem,SSD47D,Justin Gillespie,92,DEM,14693,,,,,,,,,,,,,,,,,,,,,,,,,,,,,,,,,,,,,,,,,,,,,,,,,,,,,,,,,,,,,,,,,,,,,,,,
State Senate - District 47 - Dem,SSD47D,Total Votes,,,14693,,,,,,,,,,,,,,,,,,,,,,,,,,,,,,,,,,,,,,,,,,,,,,,,,,,,,,,,,,,,,,,,,,,,,,,,
State Senate - District 48 - Rep,SSD48R,Shawn Still (I),88,REP,14137,,,,,,,,,,,,,,,,,,,,,,,,,,,,,,,,,,,,,,,,,,,,,,,,,,,,,,,,,,,,,,,,,,,,,,,,
State Senate - District 48 - Rep,SSD48R,Total Votes,,,14137,,,,,,,,,,,,,,,,,,,,,,,,,,,,,,,,,,,,,,,,,,,,,,,,,,,,,,,,,,,,,,,,,,,,,,,,
State Senate - District 48 - Dem,SSD48D,Nathan Hombroek,89,DEM,4728,,,,,,,,,,,,,,,,,,,,,,,,,,,,,,,,,,,,,,,,,,,,,,,,,,,,,,,,,,,,,,,,,,,,,,,,
State Senate - District 48 - Dem,SSD48D,Laura Murvartian,90,DEM,8301,,,,,,,,,,,,,,,,,,,,,,,,,,,,,,,,,,,,,,,,,,,,,,,,,,,,,,,,,,,,,,,,,,,,,,,,
State Senate - District 48 - Dem,SSD48D,Total Votes,,,13029,,,,,,,,,,,,,,,,,,,,,,,,,,,,,,,,,,,,,,,,,,,,,,,,,,,,,,,,,,,,,,,,,,,,,,,,
State Senate - District 49 - Rep,SSD49R,Drew Echols (I),87,REP,24457,,,,,,,,,,,,,,,,,,,,,,,,,,,,,,,,,,,,,,,,,,,,,,,,,,,,,,,,,,,,,,,,,,,,,,,,
State Senate - District 49 - Rep,SSD49R,Total Votes,,,24457,,,,,,,,,,,,,,,,,,,,,,,,,,,,,,,,,,,,,,,,,,,,,,,,,,,,,,,,,,,,,,,,,,,,,,,,
State Senate - District 49 - Dem,SSD49D,William Wallace,88,DEM,7535,,,,,,,,,,,,,,,,,,,,,,,,,,,,,,,,,,,,,,,,,,,,,,,,,,,,,,,,,,,,,,,,,,,,,,,,
State Senate - District 49 - Dem,SSD49D,Total Votes,,,7535,,,,,,,,,,,,,,,,,,,,,,,,,,,,,,,,,,,,,,,,,,,,,,,,,,,,,,,,,,,,,,,,,,,,,,,,
State Senate - District 50 - Rep,SSD50R,Bo Hatchett (I),82,REP,28568,,,,,,,,,,,,,,,,,,,,,,,,,,,,,,,,,,,,,,,,,,,,,,,,,,,,,,,,,,,,,,,,,,,,,,,,
State Senate - District 50 - Rep,SSD50R,Total Votes,,,28568,,,,,,,,,,,,,,,,,,,,,,,,,,,,,,,,,,,,,,,,,,,,,,,,,,,,,,,,,,,,,,,,,,,,,,,,
State Senate - District 50 - Dem,SSD50D,Dave Cooper,83,DEM,4638,,,,,,,,,,,,,,,,,,,,,,,,,,,,,,,,,,,,,,,,,,,,,,,,,,,,,,,,,,,,,,,,,,,,,,,,
State Senate - District 50 - Dem,SSD50D,Total Votes,,,4638,,,,,,,,,,,,,,,,,,,,,,,,,,,,,,,,,,,,,,,,,,,,,,,,,,,,,,,,,,,,,,,,,,,,,,,,
State Senate - District 51 - Rep,SSD51R,Philip Milam,82,REP,15015,,,,,,,,,,,,,,,,,,,,,,,,,,,,,,,,,,,,,,,,,,,,,,,,,,,,,,,,,,,,,,,,,,,,,,,,
State Senate - District 51 - Rep,SSD51R,Steve Shaw,83,REP,5915,,,,,,,,,,,,,,,,,,,,,,,,,,,,,,,,,,,,,,,,,,,,,,,,,,,,,,,,,,,,,,,,,,,,,,,,
State Senate - District 51 - Rep,SSD51R,Will Wade,84,REP,15581,,,,,,,,,,,,,,,,,,,,,,,,,,,,,,,,,,,,,,,,,,,,,,,,,,,,,,,,,,,,,,,,,,,,,,,,
State Senate - District 51 - Rep,SSD51R,Total Votes,,,36511,,,,,,,,,,,,,,,,,,,,,,,,,,,,,,,,,,,,,,,,,,,,,,,,,,,,,,,,,,,,,,,,,,,,,,,,
State Senate - District 51 - Dem,SSD51D,Gary St. Lawrence,85,DEM,5364,,,,,,,,,,,,,,,,,,,,,,,,,,,,,,,,,,,,,,,,,,,,,,,,,,,,,,,,,,,,,,,,,,,,,,,,
State Senate - District 51 - Dem,SSD51D,Total Votes,,,5364,,,,,,,,,,,,,,,,,,,,,,,,,,,,,,,,,,,,,,,,,,,,,,,,,,,,,,,,,,,,,,,,,,,,,,,,
State Senate - District 52 - Rep,SSD52R,Chuck Hufstetler (I),91,REP,20593,,,,,,,,,,,,,,,,,,,,,,,,,,,,,,,,,,,,,,,,,,,,,,,,,,,,,,,,,,,,,,,,,,,,,,,,
State Senate - District 52 - Rep,SSD52R,Total Votes,,,20593,,,,,,,,,,,,,,,,,,,,,,,,,,,,,,,,,,,,,,,,,,,,,,,,,,,,,,,,,,,,,,,,,,,,,,,,
State Senate - District 53 - Rep,SSD53R,Denise Pierce Burns,94,REP,3166,,,,,,,,,,,,,,,,,,,,,,,,,,,,,,,,,,,,,,,,,,,,,,,,,,,,,,,,,,,,,,,,,,,,,,,,
State Senate - District 53 - Rep,SSD53R,Blake Elsberry,95,REP,2708,,,,,,,,,,,,,,,,,,,,,,,,,,,,,,,,,,,,,,,,,,,,,,,,,,,,,,,,,,,,,,,,,,,,,,,,
State Senate - District 53 - Rep,SSD53R,Lanny Thomas,96,REP,15515,,,,,,,,,,,,,,,,,,,,,,,,,,,,,,,,,,,,,,,,,,,,,,,,,,,,,,,,,,,,,,,,,,,,,,,,
State Senate - District 53 - Rep,SSD53R,Total Votes,,,21389,,,,,,,,,,,,,,,,,,,,,,,,,,,,,,,,,,,,,,,,,,,,,,,,,,,,,,,,,,,,,,,,,,,,,,,,
State Senate - District 53 - Dem,SSD53D,"John Bentley ""Jack"" Zibluk",97,DEM,4873,,,,,,,,,,,,,,,,,,,,,,,,,,,,,,,,,,,,,,,,,,,,,,,,,,,,,,,,,,,,,,,,,,,,,,,,
State Senate - District 53 - Dem,SSD53D,Total Votes,,,4873,,,,,,,,,,,,,,,,,,,,,,,,,,,,,,,,,,,,,,,,,,,,,,,,,,,,,,,,,,,,,,,,,,,,,,,,
State Senate - District 54 - Rep,SSD54R,Marty Brown,88,REP,2984,,,,,,,,,,,,,,,,,,,,,,,,,,,,,,,,,,,,,,,,,,,,,,,,,,,,,,,,,,,,,,,,,,,,,,,,
State Senate - District 54 - Rep,SSD54R,Eddie Hall,89,REP,4098,,,,,,,,,,,,,,,,,,,,,,,,,,,,,,,,,,,,,,,,,,,,,,,,,,,,,,,,,,,,,,,,,,,,,,,,
State Senate - District 54 - Rep,SSD54R,Chuck Payne (I),90,REP,11591,,,,,,,,,,,,,,,,,,,,,,,,,,,,,,,,,,,,,,,,,,,,,,,,,,,,,,,,,,,,,,,,,,,,,,,,
State Senate - District 54 - Rep,SSD54R,Total Votes,,,18673,,,,,,,,,,,,,,,,,,,,,,,,,,,,,,,,,,,,,,,,,,,,,,,,,,,,,,,,,,,,,,,,,,,,,,,,
State Senate - District 55 - Rep,SSD55R,Mary Williams Benefield,108,REP,5196,,,,,,,,,,,,,,,,,,,,,,,,,,,,,,,,,,,,,,,,,,,,,,,,,,,,,,,,,,,,,,,,,,,,,,,,
State Senate - District 55 - Rep,SSD55R,Total Votes,,,5196,,,,,,,,,,,,,,,,,,,,,,,,,,,,,,,,,,,,,,,,,,,,,,,,,,,,,,,,,,,,,,,,,,,,,,,,
State Senate - District 55 - Dem,SSD55D,Randal Mangham (I),109,DEM,30733,,,,,,,,,,,,,,,,,,,,,,,,,,,,,,,,,,,,,,,,,,,,,,,,,,,,,,,,,,,,,,,,,,,,,,,,
State Senate - District 55 - Dem,SSD55D,Total Votes,,,30733,,,,,,,,,,,,,,,,,,,,,,,,,,,,,,,,,,,,,,,,,,,,,,,,,,,,,,,,,,,,,,,,,,,,,,,,
State Senate - District 56 - Rep,SSD56R,John Albers (I),96,REP,21760,,,,,,,,,,,,,,,,,,,,,,,,,,,,,,,,,,,,,,,,,,,,,,,,,,,,,,,,,,,,,,,,,,,,,,,,
State Senate - District 56 - Rep,SSD56R,Total Votes,,,21760,,,,,,,,,,,,,,,,,,,,,,,,,,,,,,,,,,,,,,,,,,,,,,,,,,,,,,,,,,,,,,,,,,,,,,,,
State Senate - District 56 - Dem,SSD56D,Patrick Thompson,97,DEM,15714,,,,,,,,,,,,,,,,,,,,,,,,,,,,,,,,,,,,,,,,,,,,,,,,,,,,,,,,,,,,,,,,,,,,,,,,
State Senate - District 56 - Dem,SSD56D,Total Votes,,,15714,,,,,,,,,,,,,,,,,,,,,,,,,,,,,,,,,,,,,,,,,,,,,,,,,,,,,,,,,,,,,,,,,,,,,,,,
State House of Representatives - District 1 - Rep,SHD1R,Mike Cameron (I),92,REP,4747,,,,,,,,,,,,,,,,,,,,,,,,,,,,,,,,,,,,,,,,,,,,,,,,,,,,,,,,,,,,,,,,,,,,,,,,
State House of Representatives - District 1 - Rep,SHD1R,Neal Howell,93,REP,938,,,,,,,,,,,,,,,,,,,,,,,,,,,,,,,,,,,,,,,,,,,,,,,,,,,,,,,,,,,,,,,,,,,,,,,,
State House of Representatives - District 1 - Rep,SHD1R,Total Votes,,,5685,,,,,,,,,,,,,,,,,,,,,,,,,,,,,,,,,,,,,,,,,,,,,,,,,,,,,,,,,,,,,,,,,,,,,,,,
State House of Representatives - District 1 - Dem,SHD1D,"Steven ""Diz"" Disbrow",94,DEM,1423,,,,,,,,,,,,,,,,,,,,,,,,,,,,,,,,,,,,,,,,,,,,,,,,,,,,,,,,,,,,,,,,,,,,,,,,
State House of Representatives - District 1 - Dem,SHD1D,Total Votes,,,1423,,,,,,,,,,,,,,,,,,,,,,,,,,,,,,,,,,,,,,,,,,,,,,,,,,,,,,,,,,,,,,,,,,,,,,,,
State House of Representatives - District 2 - Rep,SHD2R,Christian Michael Hurd,88,REP,2930,,,,,,,,,,,,,,,,,,,,,,,,,,,,,,,,,,,,,,,,,,,,,,,,,,,,,,,,,,,,,,,,,,,,,,,,
State House of Representatives - District 2 - Rep,SHD2R,Steve Tarvin (I),89,REP,4980,,,,,,,,,,,,,,,,,,,,,,,,,,,,,,,,,,,,,,,,,,,,,,,,,,,,,,,,,,,,,,,,,,,,,,,,
State House of Representatives - District 2 - Rep,SHD2R,Total Votes,,,7910,,,,,,,,,,,,,,,,,,,,,,,,,,,,,,,,,,,,,,,,,,,,,,,,,,,,,,,,,,,,,,,,,,,,,,,,
State House of Representatives - District 2 - Dem,SHD2D,Whitney Echenique,90,DEM,1303,,,,,,,,,,,,,,,,,,,,,,,,,,,,,,,,,,,,,,,,,,,,,,,,,,,,,,,,,,,,,,,,,,,,,,,,
State House of Representatives - District 2 - Dem,SHD2D,Total Votes,,,1303,,,,,,,,,,,,,,,,,,,,,,,,,,,,,,,,,,,,,,,,,,,,,,,,,,,,,,,,,,,,,,,,,,,,,,,,
State House of Representatives - District 3 - Rep,SHD3R,Mitchell Horner (I),91,REP,5096,,,,,,,,,,,,,,,,,,,,,,,,,,,,,,,,,,,,,,,,,,,,,,,,,,,,,,,,,,,,,,,,,,,,,,,,
State House of Representatives - District 3 - Rep,SHD3R,Nick Millwood,92,REP,2119,,,,,,,,,,,,,,,,,,,,,,,,,,,,,,,,,,,,,,,,,,,,,,,,,,,,,,,,,,,,,,,,,,,,,,,,
State House of Representatives - District 3 - Rep,SHD3R,Total Votes,,,7215,,,,,,,,,,,,,,,,,,,,,,,,,,,,,,,,,,,,,,,,,,,,,,,,,,,,,,,,,,,,,,,,,,,,,,,,
State House of Representatives - District 3 - Dem,SHD3D,Margaret Spear,93,DEM,1729,,,,,,,,,,,,,,,,,,,,,,,,,,,,,,,,,,,,,,,,,,,,,,,,,,,,,,,,,,,,,,,,,,,,,,,,
State House of Representatives - District 3 - Dem,SHD3D,Total Votes,,,1729,,,,,,,,,,,,,,,,,,,,,,,,,,,,,,,,,,,,,,,,,,,,,,,,,,,,,,,,,,,,,,,,,,,,,,,,
State House of Representatives - District 4 - Rep,SHD4R,Kasey Carpenter (I),94,REP,2468,,,,,,,,,,,,,,,,,,,,,,,,,,,,,,,,,,,,,,,,,,,,,,,,,,,,,,,,,,,,,,,,,,,,,,,,
State House of Representatives - District 4 - Rep,SHD4R,Jasper Manis,95,REP,1277,,,,,,,,,,,,,,,,,,,,,,,,,,,,,,,,,,,,,,,,,,,,,,,,,,,,,,,,,,,,,,,,,,,,,,,,
State House of Representatives - District 4 - Rep,SHD4R,Total Votes,,,3745,,,,,,,,,,,,,,,,,,,,,,,,,,,,,,,,,,,,,,,,,,,,,,,,,,,,,,,,,,,,,,,,,,,,,,,,
State House of Representatives - District 4 - Dem,SHD4D,Quentin Postell,96,DEM,1375,,,,,,,,,,,,,,,,,,,,,,,,,,,,,,,,,,,,,,,,,,,,,,,,,,,,,,,,,,,,,,,,,,,,,,,,
State House of Representatives - District 4 - Dem,SHD4D,Total Votes,,,1375,,,,,,,,,,,,,,,,,,,,,,,,,,,,,,,,,,,,,,,,,,,,,,,,,,,,,,,,,,,,,,,,,,,,,,,,
State House of Representatives - District 5 - Rep,SHD5R,Matt Barton (I),93,REP,6107,,,,,,,,,,,,,,,,,,,,,,,,,,,,,,,,,,,,,,,,,,,,,,,,,,,,,,,,,,,,,,,,,,,,,,,,
State House of Representatives - District 5 - Rep,SHD5R,Total Votes,,,6107,,,,,,,,,,,,,,,,,,,,,,,,,,,,,,,,,,,,,,,,,,,,,,,,,,,,,,,,,,,,,,,,,,,,,,,,
State House of Representatives - District 5 - Dem,SHD5D,Rasmus Jensen,94,DEM,1243,,,,,,,,,,,,,,,,,,,,,,,,,,,,,,,,,,,,,,,,,,,,,,,,,,,,,,,,,,,,,,,,,,,,,,,,
State House of Representatives - District 5 - Dem,SHD5D,Total Votes,,,1243,,,,,,,,,,,,,,,,,,,,,,,,,,,,,,,,,,,,,,,,,,,,,,,,,,,,,,,,,,,,,,,,,,,,,,,,
State House of Representatives - District 6 - Rep,SHD6R,Jason T. Ridley (I),93,REP,6020,,,,,,,,,,,,,,,,,,,,,,,,,,,,,,,,,,,,,,,,,,,,,,,,,,,,,,,,,,,,,,,,,,,,,,,,
State House of Representatives - District 6 - Rep,SHD6R,Total Votes,,,6020,,,,,,,,,,,,,,,,,,,,,,,,,,,,,,,,,,,,,,,,,,,,,,,,,,,,,,,,,,,,,,,,,,,,,,,,
State House of Representatives - District 6 - Dem,SHD6D,Cathy Kott,94,DEM,978,,,,,,,,,,,,,,,,,,,,,,,,,,,,,,,,,,,,,,,,,,,,,,,,,,,,,,,,,,,,,,,,,,,,,,,,
State House of Representatives - District 6 - Dem,SHD6D,Total Votes,,,978,,,,,,,,,,,,,,,,,,,,,,,,,,,,,,,,,,,,,,,,,,,,,,,,,,,,,,,,,,,,,,,,,,,,,,,,
State House of Representatives - District 7 - Rep,SHD7R,Johnny Chastain (I),86,REP,11332,,,,,,,,,,,,,,,,,,,,,,,,,,,,,,,,,,,,,,,,,,,,,,,,,,,,,,,,,,,,,,,,,,,,,,,,
State House of Representatives - District 7 - Rep,SHD7R,Total Votes,,,11332,,,,,,,,,,,,,,,,,,,,,,,,,,,,,,,,,,,,,,,,,,,,,,,,,,,,,,,,,,,,,,,,,,,,,,,,
State House of Representatives - District 8 - Rep,SHD8R,Stan Gunter (I),84,REP,12658,,,,,,,,,,,,,,,,,,,,,,,,,,,,,,,,,,,,,,,,,,,,,,,,,,,,,,,,,,,,,,,,,,,,,,,,
State House of Representatives - District 8 - Rep,SHD8R,Total Votes,,,12658,,,,,,,,,,,,,,,,,,,,,,,,,,,,,,,,,,,,,,,,,,,,,,,,,,,,,,,,,,,,,,,,,,,,,,,,
State House of Representatives - District 8 - Dem,SHD8D,Nick Mitchell,85,DEM,2122,,,,,,,,,,,,,,,,,,,,,,,,,,,,,,,,,,,,,,,,,,,,,,,,,,,,,,,,,,,,,,,,,,,,,,,,
State House of Representatives - District 8 - Dem,SHD8D,Total Votes,,,2122,,,,,,,,,,,,,,,,,,,,,,,,,,,,,,,,,,,,,,,,,,,,,,,,,,,,,,,,,,,,,,,,,,,,,,,,
State House of Representatives - District 9 - Rep,SHD9R,Chris Dockery,87,REP,5789,,,,,,,,,,,,,,,,,,,,,,,,,,,,,,,,,,,,,,,,,,,,,,,,,,,,,,,,,,,,,,,,,,,,,,,,
State House of Representatives - District 9 - Rep,SHD9R,Wayne Rowan,88,REP,1891,,,,,,,,,,,,,,,,,,,,,,,,,,,,,,,,,,,,,,,,,,,,,,,,,,,,,,,,,,,,,,,,,,,,,,,,
State House of Representatives - District 9 - Rep,SHD9R,Doug Sherrill,89,REP,3183,,,,,,,,,,,,,,,,,,,,,,,,,,,,,,,,,,,,,,,,,,,,,,,,,,,,,,,,,,,,,,,,,,,,,,,,
State House of Representatives - District 9 - Rep,SHD9R,Total Votes,,,10863,,,,,,,,,,,,,,,,,,,,,,,,,,,,,,,,,,,,,,,,,,,,,,,,,,,,,,,,,,,,,,,,,,,,,,,,
State House of Representatives - District 9 - Dem,SHD9D,Roger L. Smith,90,DEM,1613,,,,,,,,,,,,,,,,,,,,,,,,,,,,,,,,,,,,,,,,,,,,,,,,,,,,,,,,,,,,,,,,,,,,,,,,
State House of Representatives - District 9 - Dem,SHD9D,Total Votes,,,1613,,,,,,,,,,,,,,,,,,,,,,,,,,,,,,,,,,,,,,,,,,,,,,,,,,,,,,,,,,,,,,,,,,,,,,,,
State House of Representatives - District 10 - Rep,SHD10R,Victor Anderson (I),85,REP,9482,,,,,,,,,,,,,,,,,,,,,,,,,,,,,,,,,,,,,,,,,,,,,,,,,,,,,,,,,,,,,,,,,,,,,,,,
State House of Representatives - District 10 - Rep,SHD10R,Total Votes,,,9482,,,,,,,,,,,,,,,,,,,,,,,,,,,,,,,,,,,,,,,,,,,,,,,,,,,,,,,,,,,,,,,,,,,,,,,,
State House of Representatives - District 10 - Dem,SHD10D,John Brown,86,DEM,1620,,,,,,,,,,,,,,,,,,,,,,,,,,,,,,,,,,,,,,,,,,,,,,,,,,,,,,,,,,,,,,,,,,,,,,,,
State House of Representatives - District 10 - Dem,SHD10D,Total Votes,,,1620,,,,,,,,,,,,,,,,,,,,,,,,,,,,,,,,,,,,,,,,,,,,,,,,,,,,,,,,,,,,,,,,,,,,,,,,
State House of Representatives - District 11 - Rep,SHD11R,Rick Jasperse (I),98,REP,9735,,,,,,,,,,,,,,,,,,,,,,,,,,,,,,,,,,,,,,,,,,,,,,,,,,,,,,,,,,,,,,,,,,,,,,,,
State House of Representatives - District 11 - Rep,SHD11R,Total Votes,,,9735,,,,,,,,,,,,,,,,,,,,,,,,,,,,,,,,,,,,,,,,,,,,,,,,,,,,,,,,,,,,,,,,,,,,,,,,
State House of Representatives - District 11 - Dem,SHD11D,Ryan Fountain,99,DEM,1866,,,,,,,,,,,,,,,,,,,,,,,,,,,,,,,,,,,,,,,,,,,,,,,,,,,,,,,,,,,,,,,,,,,,,,,,
State House of Representatives - District 11 - Dem,SHD11D,Total Votes,,,1866,,,,,,,,,,,,,,,,,,,,,,,,,,,,,,,,,,,,,,,,,,,,,,,,,,,,,,,,,,,,,,,,,,,,,,,,
State House of Representatives - District 12 - Rep,SHD12R,Eddie Lumsden (I),92,REP,6426,,,,,,,,,,,,,,,,,,,,,,,,,,,,,,,,,,,,,,,,,,,,,,,,,,,,,,,,,,,,,,,,,,,,,,,,
State House of Representatives - District 12 - Rep,SHD12R,Total Votes,,,6426,,,,,,,,,,,,,,,,,,,,,,,,,,,,,,,,,,,,,,,,,,,,,,,,,,,,,,,,,,,,,,,,,,,,,,,,
State House of Representatives - District 12 - Dem,SHD12D,Holly Chaney,93,DEM,1569,,,,,,,,,,,,,,,,,,,,,,,,,,,,,,,,,,,,,,,,,,,,,,,,,,,,,,,,,,,,,,,,,,,,,,,,
State House of Representatives - District 12 - Dem,SHD12D,Total Votes,,,1569,,,,,,,,,,,,,,,,,,,,,,,,,,,,,,,,,,,,,,,,,,,,,,,,,,,,,,,,,,,,,,,,,,,,,,,,
State House of Representatives - District 13 - Rep,SHD13R,Katie Dempsey (I),97,REP,4635,,,,,,,,,,,,,,,,,,,,,,,,,,,,,,,,,,,,,,,,,,,,,,,,,,,,,,,,,,,,,,,,,,,,,,,,
State House of Representatives - District 13 - Rep,SHD13R,Kristie Miner,98,REP,1775,,,,,,,,,,,,,,,,,,,,,,,,,,,,,,,,,,,,,,,,,,,,,,,,,,,,,,,,,,,,,,,,,,,,,,,,
State House of Representatives - District 13 - Rep,SHD13R,Total Votes,,,6410,,,,,,,,,,,,,,,,,,,,,,,,,,,,,,,,,,,,,,,,,,,,,,,,,,,,,,,,,,,,,,,,,,,,,,,,
State House of Representatives - District 13 - Dem,SHD13D,Vincent Mendes,99,DEM,2753,,,,,,,,,,,,,,,,,,,,,,,,,,,,,,,,,,,,,,,,,,,,,,,,,,,,,,,,,,,,,,,,,,,,,,,,
State House of Representatives - District 13 - Dem,SHD13D,Total Votes,,,2753,,,,,,,,,,,,,,,,,,,,,,,,,,,,,,,,,,,,,,,,,,,,,,,,,,,,,,,,,,,,,,,,,,,,,,,,
State House of Representatives - District 14 - Rep,SHD14R,Mitchell Scoggins (I),92,REP,7767,,,,,,,,,,,,,,,,,,,,,,,,,,,,,,,,,,,,,,,,,,,,,,,,,,,,,,,,,,,,,,,,,,,,,,,,
State House of Representatives - District 14 - Rep,SHD14R,Total Votes,,,7767,,,,,,,,,,,,,,,,,,,,,,,,,,,,,,,,,,,,,,,,,,,,,,,,,,,,,,,,,,,,,,,,,,,,,,,,
State House of Representatives - District 14 - Dem,SHD14D,Bella Bautista,93,DEM,1987,,,,,,,,,,,,,,,,,,,,,,,,,,,,,,,,,,,,,,,,,,,,,,,,,,,,,,,,,,,,,,,,,,,,,,,,
State House of Representatives - District 14 - Dem,SHD14D,Total Votes,,,1987,,,,,,,,,,,,,,,,,,,,,,,,,,,,,,,,,,,,,,,,,,,,,,,,,,,,,,,,,,,,,,,,,,,,,,,,
State House of Representatives - District 15 - Rep,SHD15R,Matthew Gambill (I),94,REP,6102,,,,,,,,,,,,,,,,,,,,,,,,,,,,,,,,,,,,,,,,,,,,,,,,,,,,,,,,,,,,,,,,,,,,,,,,
State House of Representatives - District 15 - Rep,SHD15R,Total Votes,,,6102,,,,,,,,,,,,,,,,,,,,,,,,,,,,,,,,,,,,,,,,,,,,,,,,,,,,,,,,,,,,,,,,,,,,,,,,
State House of Representatives - District 15 - Dem,SHD15D,Lauren Jones,171,DEM,1669,,,,,,,,,,,,,,,,,,,,,,,,,,,,,,,,,,,,,,,,,,,,,,,,,,,,,,,,,,,,,,,,,,,,,,,,
State House of Representatives - District 15 - Dem,SHD15D,Total Votes,,,1669,,,,,,,,,,,,,,,,,,,,,,,,,,,,,,,,,,,,,,,,,,,,,,,,,,,,,,,,,,,,,,,,,,,,,,,,
State House of Representatives - District 16 - Rep,SHD16R,Trey Kelley (I),94,REP,7338,,,,,,,,,,,,,,,,,,,,,,,,,,,,,,,,,,,,,,,,,,,,,,,,,,,,,,,,,,,,,,,,,,,,,,,,
State House of Representatives - District 16 - Rep,SHD16R,Total Votes,,,7338,,,,,,,,,,,,,,,,,,,,,,,,,,,,,,,,,,,,,,,,,,,,,,,,,,,,,,,,,,,,,,,,,,,,,,,,
State House of Representatives - District 16 - Dem,SHD16D,Diana Spangler,95,DEM,2089,,,,,,,,,,,,,,,,,,,,,,,,,,,,,,,,,,,,,,,,,,,,,,,,,,,,,,,,,,,,,,,,,,,,,,,,
State House of Representatives - District 16 - Dem,SHD16D,Total Votes,,,2089,,,,,,,,,,,,,,,,,,,,,,,,,,,,,,,,,,,,,,,,,,,,,,,,,,,,,,,,,,,,,,,,,,,,,,,,
State House of Representatives - District 17 - Rep,SHD17R,Martin Momtahan (I),96,REP,5354,,,,,,,,,,,,,,,,,,,,,,,,,,,,,,,,,,,,,,,,,,,,,,,,,,,,,,,,,,,,,,,,,,,,,,,,
State House of Representatives - District 17 - Rep,SHD17R,Total Votes,,,5354,,,,,,,,,,,,,,,,,,,,,,,,,,,,,,,,,,,,,,,,,,,,,,,,,,,,,,,,,,,,,,,,,,,,,,,,
State House of Representatives - District 17 - Dem,SHD17D,Tamyko Green,97,DEM,4234,,,,,,,,,,,,,,,,,,,,,,,,,,,,,,,,,,,,,,,,,,,,,,,,,,,,,,,,,,,,,,,,,,,,,,,,
State House of Representatives - District 17 - Dem,SHD17D,Total Votes,,,4234,,,,,,,,,,,,,,,,,,,,,,,,,,,,,,,,,,,,,,,,,,,,,,,,,,,,,,,,,,,,,,,,,,,,,,,,
State House of Representatives - District 18 - Rep,SHD18R,Frank Phillips,84,REP,2107,,,,,,,,,,,,,,,,,,,,,,,,,,,,,,,,,,,,,,,,,,,,,,,,,,,,,,,,,,,,,,,,,,,,,,,,
State House of Representatives - District 18 - Rep,SHD18R,Tyler Paul Smith (I),85,REP,7111,,,,,,,,,,,,,,,,,,,,,,,,,,,,,,,,,,,,,,,,,,,,,,,,,,,,,,,,,,,,,,,,,,,,,,,,
State House of Representatives - District 18 - Rep,SHD18R,Total Votes,,,9218,,,,,,,,,,,,,,,,,,,,,,,,,,,,,,,,,,,,,,,,,,,,,,,,,,,,,,,,,,,,,,,,,,,,,,,,
State House of Representatives - District 18 - Dem,SHD18D,Pat Rhudy,86,DEM,1603,,,,,,,,,,,,,,,,,,,,,,,,,,,,,,,,,,,,,,,,,,,,,,,,,,,,,,,,,,,,,,,,,,,,,,,,
State House of Representatives - District 18 - Dem,SHD18D,Total Votes,,,1603,,,,,,,,,,,,,,,,,,,,,,,,,,,,,,,,,,,,,,,,,,,,,,,,,,,,,,,,,,,,,,,,,,,,,,,,
State House of Representatives - District 19 - Rep,SHD19R,Joseph Gullett (I),114,REP,6038,,,,,,,,,,,,,,,,,,,,,,,,,,,,,,,,,,,,,,,,,,,,,,,,,,,,,,,,,,,,,,,,,,,,,,,,
State House of Representatives - District 19 - Rep,SHD19R,Total Votes,,,6038,,,,,,,,,,,,,,,,,,,,,,,,,,,,,,,,,,,,,,,,,,,,,,,,,,,,,,,,,,,,,,,,,,,,,,,,
State House of Representatives - District 19 - Dem,SHD19D,Cynthia Starke-Jones,115,DEM,6022,,,,,,,,,,,,,,,,,,,,,,,,,,,,,,,,,,,,,,,,,,,,,,,,,,,,,,,,,,,,,,,,,,,,,,,,
State House of Representatives - District 19 - Dem,SHD19D,Total Votes,,,6022,,,,,,,,,,,,,,,,,,,,,,,,,,,,,,,,,,,,,,,,,,,,,,,,,,,,,,,,,,,,,,,,,,,,,,,,
State House of Representatives - District 20 - Rep,SHD20R,Charlice Byrd (I),102,REP,4126,,,,,,,,,,,,,,,,,,,,,,,,,,,,,,,,,,,,,,,,,,,,,,,,,,,,,,,,,,,,,,,,,,,,,,,,
State House of Representatives - District 20 - Rep,SHD20R,Mark Fernandez,103,REP,3765,,,,,,,,,,,,,,,,,,,,,,,,,,,,,,,,,,,,,,,,,,,,,,,,,,,,,,,,,,,,,,,,,,,,,,,,
State House of Representatives - District 20 - Rep,SHD20R,Total Votes,,,7891,,,,,,,,,,,,,,,,,,,,,,,,,,,,,,,,,,,,,,,,,,,,,,,,,,,,,,,,,,,,,,,,,,,,,,,,
State House of Representatives - District 20 - Dem,SHD20D,Jason D. Tanner,104,DEM,2563,,,,,,,,,,,,,,,,,,,,,,,,,,,,,,,,,,,,,,,,,,,,,,,,,,,,,,,,,,,,,,,,,,,,,,,,
State House of Representatives - District 20 - Dem,SHD20D,Erik Zeil,105,DEM,1073,,,,,,,,,,,,,,,,,,,,,,,,,,,,,,,,,,,,,,,,,,,,,,,,,,,,,,,,,,,,,,,,,,,,,,,,
State House of Representatives - District 20 - Dem,SHD20D,Total Votes,,,3636,,,,,,,,,,,,,,,,,,,,,,,,,,,,,,,,,,,,,,,,,,,,,,,,,,,,,,,,,,,,,,,,,,,,,,,,
State House of Representatives - District 21 - Rep,SHD21R,Brad Thomas (I),106,REP,9218,,,,,,,,,,,,,,,,,,,,,,,,,,,,,,,,,,,,,,,,,,,,,,,,,,,,,,,,,,,,,,,,,,,,,,,,
State House of Representatives - District 21 - Rep,SHD21R,Total Votes,,,9218,,,,,,,,,,,,,,,,,,,,,,,,,,,,,,,,,,,,,,,,,,,,,,,,,,,,,,,,,,,,,,,,,,,,,,,,
State House of Representatives - District 21 - Dem,SHD21D,Anthony Aragues,107,DEM,3238,,,,,,,,,,,,,,,,,,,,,,,,,,,,,,,,,,,,,,,,,,,,,,,,,,,,,,,,,,,,,,,,,,,,,,,,
State House of Representatives - District 21 - Dem,SHD21D,Total Votes,,,3238,,,,,,,,,,,,,,,,,,,,,,,,,,,,,,,,,,,,,,,,,,,,,,,,,,,,,,,,,,,,,,,,,,,,,,,,
State House of Representatives - District 22 - Rep,SHD22R,Jordan Ridley (I),108,REP,5618,,,,,,,,,,,,,,,,,,,,,,,,,,,,,,,,,,,,,,,,,,,,,,,,,,,,,,,,,,,,,,,,,,,,,,,,
State House of Representatives - District 22 - Rep,SHD22R,Total Votes,,,5618,,,,,,,,,,,,,,,,,,,,,,,,,,,,,,,,,,,,,,,,,,,,,,,,,,,,,,,,,,,,,,,,,,,,,,,,
State House of Representatives - District 22 - Dem,SHD22D,James Shade,109,DEM,4744,,,,,,,,,,,,,,,,,,,,,,,,,,,,,,,,,,,,,,,,,,,,,,,,,,,,,,,,,,,,,,,,,,,,,,,,
State House of Representatives - District 22 - Dem,SHD22D,Total Votes,,,4744,,,,,,,,,,,,,,,,,,,,,,,,,,,,,,,,,,,,,,,,,,,,,,,,,,,,,,,,,,,,,,,,,,,,,,,,
State House of Representatives - District 23 - Rep,SHD23R,Bill Fincher (I),110,REP,8063,,,,,,,,,,,,,,,,,,,,,,,,,,,,,,,,,,,,,,,,,,,,,,,,,,,,,,,,,,,,,,,,,,,,,,,,
State House of Representatives - District 23 - Rep,SHD23R,Total Votes,,,8063,,,,,,,,,,,,,,,,,,,,,,,,,,,,,,,,,,,,,,,,,,,,,,,,,,,,,,,,,,,,,,,,,,,,,,,,
State House of Representatives - District 23 - Dem,SHD23D,Rob Epstein,111,DEM,2561,,,,,,,,,,,,,,,,,,,,,,,,,,,,,,,,,,,,,,,,,,,,,,,,,,,,,,,,,,,,,,,,,,,,,,,,
State House of Representatives - District 23 - Dem,SHD23D,Total Votes,,,2561,,,,,,,,,,,,,,,,,,,,,,,,,,,,,,,,,,,,,,,,,,,,,,,,,,,,,,,,,,,,,,,,,,,,,,,,
State House of Representatives - District 24 - Rep,SHD24R,Carter Barrett (I),93,REP,5773,,,,,,,,,,,,,,,,,,,,,,,,,,,,,,,,,,,,,,,,,,,,,,,,,,,,,,,,,,,,,,,,,,,,,,,,
State House of Representatives - District 24 - Rep,SHD24R,Total Votes,,,5773,,,,,,,,,,,,,,,,,,,,,,,,,,,,,,,,,,,,,,,,,,,,,,,,,,,,,,,,,,,,,,,,,,,,,,,,
State House of Representatives - District 24 - Dem,SHD24D,Maureen Gault,94,DEM,2981,,,,,,,,,,,,,,,,,,,,,,,,,,,,,,,,,,,,,,,,,,,,,,,,,,,,,,,,,,,,,,,,,,,,,,,,
State House of Representatives - District 24 - Dem,SHD24D,Total Votes,,,2981,,,,,,,,,,,,,,,,,,,,,,,,,,,,,,,,,,,,,,,,,,,,,,,,,,,,,,,,,,,,,,,,,,,,,,,,
State House of Representatives - District 25 - Rep,SHD25R,Todd Jones (I),95,REP,4781,,,,,,,,,,,,,,,,,,,,,,,,,,,,,,,,,,,,,,,,,,,,,,,,,,,,,,,,,,,,,,,,,,,,,,,,
State House of Representatives - District 25 - Rep,SHD25R,Mathew Philip,96,REP,681,,,,,,,,,,,,,,,,,,,,,,,,,,,,,,,,,,,,,,,,,,,,,,,,,,,,,,,,,,,,,,,,,,,,,,,,
State House of Representatives - District 25 - Rep,SHD25R,Total Votes,,,5462,,,,,,,,,,,,,,,,,,,,,,,,,,,,,,,,,,,,,,,,,,,,,,,,,,,,,,,,,,,,,,,,,,,,,,,,
State House of Representatives - District 25 - Dem,SHD25D,Elaine Padgett,97,DEM,2684,,,,,,,,,,,,,,,,,,,,,,,,,,,,,,,,,,,,,,,,,,,,,,,,,,,,,,,,,,,,,,,,,,,,,,,,
State House of Representatives - District 25 - Dem,SHD25D,Metin Vargonen,98,DEM,723,,,,,,,,,,,,,,,,,,,,,,,,,,,,,,,,,,,,,,,,,,,,,,,,,,,,,,,,,,,,,,,,,,,,,,,,
State House of Representatives - District 25 - Dem,SHD25D,Total Votes,,,3407,,,,,,,,,,,,,,,,,,,,,,,,,,,,,,,,,,,,,,,,,,,,,,,,,,,,,,,,,,,,,,,,,,,,,,,,
State House of Representatives - District 26 - Rep,SHD26R,Lauren W. McDonald III (I),99,REP,6680,,,,,,,,,,,,,,,,,,,,,,,,,,,,,,,,,,,,,,,,,,,,,,,,,,,,,,,,,,,,,,,,,,,,,,,,
State House of Representatives - District 26 - Rep,SHD26R,Total Votes,,,6680,,,,,,,,,,,,,,,,,,,,,,,,,,,,,,,,,,,,,,,,,,,,,,,,,,,,,,,,,,,,,,,,,,,,,,,,
State House of Representatives - District 26 - Dem,SHD26D,Meredith Greene,100,DEM,2679,,,,,,,,,,,,,,,,,,,,,,,,,,,,,,,,,,,,,,,,,,,,,,,,,,,,,,,,,,,,,,,,,,,,,,,,
State House of Representatives - District 26 - Dem,SHD26D,Total Votes,,,2679,,,,,,,,,,,,,,,,,,,,,,,,,,,,,,,,,,,,,,,,,,,,,,,,,,,,,,,,,,,,,,,,,,,,,,,,
State House of Representatives - District 27 - Rep,SHD27R,Lee Hawkins (I),91,REP,10292,,,,,,,,,,,,,,,,,,,,,,,,,,,,,,,,,,,,,,,,,,,,,,,,,,,,,,,,,,,,,,,,,,,,,,,,
State House of Representatives - District 27 - Rep,SHD27R,Total Votes,,,10292,,,,,,,,,,,,,,,,,,,,,,,,,,,,,,,,,,,,,,,,,,,,,,,,,,,,,,,,,,,,,,,,,,,,,,,,
State House of Representatives - District 27 - Dem,SHD27D,Jay Kirkland,92,DEM,1681,,,,,,,,,,,,,,,,,,,,,,,,,,,,,,,,,,,,,,,,,,,,,,,,,,,,,,,,,,,,,,,,,,,,,,,,
State House of Representatives - District 27 - Dem,SHD27D,Total Votes,,,1681,,,,,,,,,,,,,,,,,,,,,,,,,,,,,,,,,,,,,,,,,,,,,,,,,,,,,,,,,,,,,,,,,,,,,,,,
State House of Representatives - District 28 - Rep,SHD28R,Brent Cox (I),101,REP,8525,,,,,,,,,,,,,,,,,,,,,,,,,,,,,,,,,,,,,,,,,,,,,,,,,,,,,,,,,,,,,,,,,,,,,,,,
State House of Representatives - District 28 - Rep,SHD28R,Total Votes,,,8525,,,,,,,,,,,,,,,,,,,,,,,,,,,,,,,,,,,,,,,,,,,,,,,,,,,,,,,,,,,,,,,,,,,,,,,,
State House of Representatives - District 28 - Dem,SHD28D,Mateo Sanabria,102,DEM,2240,,,,,,,,,,,,,,,,,,,,,,,,,,,,,,,,,,,,,,,,,,,,,,,,,,,,,,,,,,,,,,,,,,,,,,,,
State House of Representatives - District 28 - Dem,SHD28D,Total Votes,,,2240,,,,,,,,,,,,,,,,,,,,,,,,,,,,,,,,,,,,,,,,,,,,,,,,,,,,,,,,,,,,,,,,,,,,,,,,
State House of Representatives - District 29 - Rep,SHD29R,Matt Dubnik (I),95,REP,3438,,,,,,,,,,,,,,,,,,,,,,,,,,,,,,,,,,,,,,,,,,,,,,,,,,,,,,,,,,,,,,,,,,,,,,,,
State House of Representatives - District 29 - Rep,SHD29R,Cody S. Ewing,96,REP,519,,,,,,,,,,,,,,,,,,,,,,,,,,,,,,,,,,,,,,,,,,,,,,,,,,,,,,,,,,,,,,,,,,,,,,,,
State House of Representatives - District 29 - Rep,SHD29R,Total Votes,,,3957,,,,,,,,,,,,,,,,,,,,,,,,,,,,,,,,,,,,,,,,,,,,,,,,,,,,,,,,,,,,,,,,,,,,,,,,
State House of Representatives - District 29 - Dem,SHD29D,Scott Soracco,97,DEM,2252,,,,,,,,,,,,,,,,,,,,,,,,,,,,,,,,,,,,,,,,,,,,,,,,,,,,,,,,,,,,,,,,,,,,,,,,
State House of Representatives - District 29 - Dem,SHD29D,Total Votes,,,2252,,,,,,,,,,,,,,,,,,,,,,,,,,,,,,,,,,,,,,,,,,,,,,,,,,,,,,,,,,,,,,,,,,,,,,,,
State House of Representatives - District 30 - Rep,SHD30R,Derrick McCollum (I),98,REP,8173,,,,,,,,,,,,,,,,,,,,,,,,,,,,,,,,,,,,,,,,,,,,,,,,,,,,,,,,,,,,,,,,,,,,,,,,
State House of Representatives - District 30 - Rep,SHD30R,Total Votes,,,8173,,,,,,,,,,,,,,,,,,,,,,,,,,,,,,,,,,,,,,,,,,,,,,,,,,,,,,,,,,,,,,,,,,,,,,,,
State House of Representatives - District 30 - Dem,SHD30D,Braden Michael Doxey,99,DEM,2837,,,,,,,,,,,,,,,,,,,,,,,,,,,,,,,,,,,,,,,,,,,,,,,,,,,,,,,,,,,,,,,,,,,,,,,,
State House of Representatives - District 30 - Dem,SHD30D,Total Votes,,,2837,,,,,,,,,,,,,,,,,,,,,,,,,,,,,,,,,,,,,,,,,,,,,,,,,,,,,,,,,,,,,,,,,,,,,,,,
State House of Representatives - District 31 - Rep,SHD31R,Chad Bingham,100,REP,7265,,,,,,,,,,,,,,,,,,,,,,,,,,,,,,,,,,,,,,,,,,,,,,,,,,,,,,,,,,,,,,,,,,,,,,,,
State House of Representatives - District 31 - Rep,SHD31R,Total Votes,,,7265,,,,,,,,,,,,,,,,,,,,,,,,,,,,,,,,,,,,,,,,,,,,,,,,,,,,,,,,,,,,,,,,,,,,,,,,
State House of Representatives - District 32 - Rep,SHD32R,Chris Erwin (I),84,REP,7993,,,,,,,,,,,,,,,,,,,,,,,,,,,,,,,,,,,,,,,,,,,,,,,,,,,,,,,,,,,,,,,,,,,,,,,,
State House of Representatives - District 32 - Rep,SHD32R,Total Votes,,,7993,,,,,,,,,,,,,,,,,,,,,,,,,,,,,,,,,,,,,,,,,,,,,,,,,,,,,,,,,,,,,,,,,,,,,,,,
State House of Representatives - District 32 - Dem,SHD32D,Rebecca Sims,85,DEM,1206,,,,,,,,,,,,,,,,,,,,,,,,,,,,,,,,,,,,,,,,,,,,,,,,,,,,,,,,,,,,,,,,,,,,,,,,
State House of Representatives - District 32 - Dem,SHD32D,Total Votes,,,1206,,,,,,,,,,,,,,,,,,,,,,,,,,,,,,,,,,,,,,,,,,,,,,,,,,,,,,,,,,,,,,,,,,,,,,,,
State House of Representatives - District 33 - Rep,SHD33R,Alan Powell (I),85,REP,8412,,,,,,,,,,,,,,,,,,,,,,,,,,,,,,,,,,,,,,,,,,,,,,,,,,,,,,,,,,,,,,,,,,,,,,,,
State House of Representatives - District 33 - Rep,SHD33R,Total Votes,,,8412,,,,,,,,,,,,,,,,,,,,,,,,,,,,,,,,,,,,,,,,,,,,,,,,,,,,,,,,,,,,,,,,,,,,,,,,
State House of Representatives - District 34 - Rep,SHD34R,Devan Seabaugh (I),118,REP,7738,,,,,,,,,,,,,,,,,,,,,,,,,,,,,,,,,,,,,,,,,,,,,,,,,,,,,,,,,,,,,,,,,,,,,,,,
State House of Representatives - District 34 - Rep,SHD34R,Total Votes,,,7738,,,,,,,,,,,,,,,,,,,,,,,,,,,,,,,,,,,,,,,,,,,,,,,,,,,,,,,,,,,,,,,,,,,,,,,,
State House of Representatives - District 34 - Dem,SHD34D,Titus Nichols,119,DEM,6653,,,,,,,,,,,,,,,,,,,,,,,,,,,,,,,,,,,,,,,,,,,,,,,,,,,,,,,,,,,,,,,,,,,,,,,,
State House of Representatives - District 34 - Dem,SHD34D,Total Votes,,,6653,,,,,,,,,,,,,,,,,,,,,,,,,,,,,,,,,,,,,,,,,,,,,,,,,,,,,,,,,,,,,,,,,,,,,,,,
State House of Representatives - District 35 - Rep,SHD35R,Elvis Casely,120,REP,2359,,,,,,,,,,,,,,,,,,,,,,,,,,,,,,,,,,,,,,,,,,,,,,,,,,,,,,,,,,,,,,,,,,,,,,,,
State House of Representatives - District 35 - Rep,SHD35R,Total Votes,,,2359,,,,,,,,,,,,,,,,,,,,,,,,,,,,,,,,,,,,,,,,,,,,,,,,,,,,,,,,,,,,,,,,,,,,,,,,
State House of Representatives - District 35 - Dem,SHD35D,Lisa Gayle Campbell (I),121,DEM,5485,,,,,,,,,,,,,,,,,,,,,,,,,,,,,,,,,,,,,,,,,,,,,,,,,,,,,,,,,,,,,,,,,,,,,,,,
State House of Representatives - District 35 - Dem,SHD35D,Total Votes,,,5485,,,,,,,,,,,,,,,,,,,,,,,,,,,,,,,,,,,,,,,,,,,,,,,,,,,,,,,,,,,,,,,,,,,,,,,,
State House of Representatives - District 36 - Rep,SHD36R,Ginny Ehrhart (I),122,REP,7168,,,,,,,,,,,,,,,,,,,,,,,,,,,,,,,,,,,,,,,,,,,,,,,,,,,,,,,,,,,,,,,,,,,,,,,,
State House of Representatives - District 36 - Rep,SHD36R,Total Votes,,,7168,,,,,,,,,,,,,,,,,,,,,,,,,,,,,,,,,,,,,,,,,,,,,,,,,,,,,,,,,,,,,,,,,,,,,,,,
State House of Representatives - District 36 - Dem,SHD36D,"Luc ""Luke"" Noiset",123,DEM,5235,,,,,,,,,,,,,,,,,,,,,,,,,,,,,,,,,,,,,,,,,,,,,,,,,,,,,,,,,,,,,,,,,,,,,,,,
State House of Representatives - District 36 - Dem,SHD36D,Total Votes,,,5235,,,,,,,,,,,,,,,,,,,,,,,,,,,,,,,,,,,,,,,,,,,,,,,,,,,,,,,,,,,,,,,,,,,,,,,,
State House of Representatives - District 37 - Dem,SHD37D,Graham Salter Bowers,124,DEM,1489,,,,,,,,,,,,,,,,,,,,,,,,,,,,,,,,,,,,,,,,,,,,,,,,,,,,,,,,,,,,,,,,,,,,,,,,
State House of Representatives - District 37 - Dem,SHD37D,Mary Frances Williams (I),125,DEM,4244,,,,,,,,,,,,,,,,,,,,,,,,,,,,,,,,,,,,,,,,,,,,,,,,,,,,,,,,,,,,,,,,,,,,,,,,
State House of Representatives - District 37 - Dem,SHD37D,Total Votes,,,5733,,,,,,,,,,,,,,,,,,,,,,,,,,,,,,,,,,,,,,,,,,,,,,,,,,,,,,,,,,,,,,,,,,,,,,,,
State House of Representatives - District 38 - Dem,SHD38D,David Wilkerson (I),126,DEM,9575,,,,,,,,,,,,,,,,,,,,,,,,,,,,,,,,,,,,,,,,,,,,,,,,,,,,,,,,,,,,,,,,,,,,,,,,
State House of Representatives - District 38 - Dem,SHD38D,Total Votes,,,9575,,,,,,,,,,,,,,,,,,,,,,,,,,,,,,,,,,,,,,,,,,,,,,,,,,,,,,,,,,,,,,,,,,,,,,,,
State House of Representatives - District 39 - Dem,SHD39D,Terry Cummings (I),127,DEM,9424,,,,,,,,,,,,,,,,,,,,,,,,,,,,,,,,,,,,,,,,,,,,,,,,,,,,,,,,,,,,,,,,,,,,,,,,
State House of Representatives - District 39 - Dem,SHD39D,Total Votes,,,9424,,,,,,,,,,,,,,,,,,,,,,,,,,,,,,,,,,,,,,,,,,,,,,,,,,,,,,,,,,,,,,,,,,,,,,,,
State House of Representatives - District 40 - Rep,SHD40R,Kimberly R. New (I),87,REP,5124,,,,,,,,,,,,,,,,,,,,,,,,,,,,,,,,,,,,,,,,,,,,,,,,,,,,,,,,,,,,,,,,,,,,,,,,
State House of Representatives - District 40 - Rep,SHD40R,Total Votes,,,5124,,,,,,,,,,,,,,,,,,,,,,,,,,,,,,,,,,,,,,,,,,,,,,,,,,,,,,,,,,,,,,,,,,,,,,,,
State House of Representatives - District 40 - Dem,SHD40D,Elisa Lassiter,88,DEM,5319,,,,,,,,,,,,,,,,,,,,,,,,,,,,,,,,,,,,,,,,,,,,,,,,,,,,,,,,,,,,,,,,,,,,,,,,
State House of Representatives - District 40 - Dem,SHD40D,Total Votes,,,5319,,,,,,,,,,,,,,,,,,,,,,,,,,,,,,,,,,,,,,,,,,,,,,,,,,,,,,,,,,,,,,,,,,,,,,,,
State House of Representatives - District 41 - Dem,SHD41D,Michael Smith (I),128,DEM,6057,,,,,,,,,,,,,,,,,,,,,,,,,,,,,,,,,,,,,,,,,,,,,,,,,,,,,,,,,,,,,,,,,,,,,,,,
State House of Representatives - District 41 - Dem,SHD41D,Total Votes,,,6057,,,,,,,,,,,,,,,,,,,,,,,,,,,,,,,,,,,,,,,,,,,,,,,,,,,,,,,,,,,,,,,,,,,,,,,,
State House of Representatives - District 42 - Rep,SHD42R,André Stafford,129,REP,2195,,,,,,,,,,,,,,,,,,,,,,,,,,,,,,,,,,,,,,,,,,,,,,,,,,,,,,,,,,,,,,,,,,,,,,,,
State House of Representatives - District 42 - Rep,SHD42R,Total Votes,,,2195,,,,,,,,,,,,,,,,,,,,,,,,,,,,,,,,,,,,,,,,,,,,,,,,,,,,,,,,,,,,,,,,,,,,,,,,
State House of Representatives - District 42 - Dem,SHD42D,Gabriel Sanchez (I),130,DEM,6217,,,,,,,,,,,,,,,,,,,,,,,,,,,,,,,,,,,,,,,,,,,,,,,,,,,,,,,,,,,,,,,,,,,,,,,,
State House of Representatives - District 42 - Dem,SHD42D,Carlos Vilela,131,DEM,1346,,,,,,,,,,,,,,,,,,,,,,,,,,,,,,,,,,,,,,,,,,,,,,,,,,,,,,,,,,,,,,,,,,,,,,,,
State House of Representatives - District 42 - Dem,SHD42D,Total Votes,,,7563,,,,,,,,,,,,,,,,,,,,,,,,,,,,,,,,,,,,,,,,,,,,,,,,,,,,,,,,,,,,,,,,,,,,,,,,
State House of Representatives - District 43 - Dem,SHD43D,Solomon Adesanya (I),132,DEM,5296,,,,,,,,,,,,,,,,,,,,,,,,,,,,,,,,,,,,,,,,,,,,,,,,,,,,,,,,,,,,,,,,,,,,,,,,
State House of Representatives - District 43 - Dem,SHD43D,Total Votes,,,5296,,,,,,,,,,,,,,,,,,,,,,,,,,,,,,,,,,,,,,,,,,,,,,,,,,,,,,,,,,,,,,,,,,,,,,,,
State House of Representatives - District 44 - Rep,SHD44R,Don L. Parsons (I),112,REP,5606,,,,,,,,,,,,,,,,,,,,,,,,,,,,,,,,,,,,,,,,,,,,,,,,,,,,,,,,,,,,,,,,,,,,,,,,
State House of Representatives - District 44 - Rep,SHD44R,Total Votes,,,5606,,,,,,,,,,,,,,,,,,,,,,,,,,,,,,,,,,,,,,,,,,,,,,,,,,,,,,,,,,,,,,,,,,,,,,,,
State House of Representatives - District 44 - Dem,SHD44D,Danielle Bell,113,DEM,5233,,,,,,,,,,,,,,,,,,,,,,,,,,,,,,,,,,,,,,,,,,,,,,,,,,,,,,,,,,,,,,,,,,,,,,,,
State House of Representatives - District 44 - Dem,SHD44D,Total Votes,,,5233,,,,,,,,,,,,,,,,,,,,,,,,,,,,,,,,,,,,,,,,,,,,,,,,,,,,,,,,,,,,,,,,,,,,,,,,
State House of Representatives - District 45 - Rep,SHD45R,Sharon Cooper (I),135,REP,7376,,,,,,,,,,,,,,,,,,,,,,,,,,,,,,,,,,,,,,,,,,,,,,,,,,,,,,,,,,,,,,,,,,,,,,,,
State House of Representatives - District 45 - Rep,SHD45R,Total Votes,,,7376,,,,,,,,,,,,,,,,,,,,,,,,,,,,,,,,,,,,,,,,,,,,,,,,,,,,,,,,,,,,,,,,,,,,,,,,
State House of Representatives - District 45 - Dem,SHD45D,Michelle Schreiner,136,DEM,5382,,,,,,,,,,,,,,,,,,,,,,,,,,,,,,,,,,,,,,,,,,,,,,,,,,,,,,,,,,,,,,,,,,,,,,,,
State House of Representatives - District 45 - Dem,SHD45D,Total Votes,,,5382,,,,,,,,,,,,,,,,,,,,,,,,,,,,,,,,,,,,,,,,,,,,,,,,,,,,,,,,,,,,,,,,,,,,,,,,
State House of Representatives - District 46 - Rep,SHD46R,John Carson (I),114,REP,6814,,,,,,,,,,,,,,,,,,,,,,,,,,,,,,,,,,,,,,,,,,,,,,,,,,,,,,,,,,,,,,,,,,,,,,,,
State House of Representatives - District 46 - Rep,SHD46R,Total Votes,,,6814,,,,,,,,,,,,,,,,,,,,,,,,,,,,,,,,,,,,,,,,,,,,,,,,,,,,,,,,,,,,,,,,,,,,,,,,
State House of Representatives - District 46 - Dem,SHD46D,Dumont J. Walker,115,DEM,5375,,,,,,,,,,,,,,,,,,,,,,,,,,,,,,,,,,,,,,,,,,,,,,,,,,,,,,,,,,,,,,,,,,,,,,,,
State House of Representatives - District 46 - Dem,SHD46D,Total Votes,,,5375,,,,,,,,,,,,,,,,,,,,,,,,,,,,,,,,,,,,,,,,,,,,,,,,,,,,,,,,,,,,,,,,,,,,,,,,
State House of Representatives - District 47 - Rep,SHD47R,Brian Cochran,116,REP,1945,,,,,,,,,,,,,,,,,,,,,,,,,,,,,,,,,,,,,,,,,,,,,,,,,,,,,,,,,,,,,,,,,,,,,,,,
State House of Representatives - District 47 - Rep,SHD47R,P. Phoebe Eckhardt,117,REP,693,,,,,,,,,,,,,,,,,,,,,,,,,,,,,,,,,,,,,,,,,,,,,,,,,,,,,,,,,,,,,,,,,,,,,,,,
State House of Representatives - District 47 - Rep,SHD47R,Jack Miller,118,REP,2561,,,,,,,,,,,,,,,,,,,,,,,,,,,,,,,,,,,,,,,,,,,,,,,,,,,,,,,,,,,,,,,,,,,,,,,,
State House of Representatives - District 47 - Rep,SHD47R,Total Votes,,,5199,,,,,,,,,,,,,,,,,,,,,,,,,,,,,,,,,,,,,,,,,,,,,,,,,,,,,,,,,,,,,,,,,,,,,,,,
State House of Representatives - District 47 - Dem,SHD47D,Lindsay Defranco,119,DEM,3937,,,,,,,,,,,,,,,,,,,,,,,,,,,,,,,,,,,,,,,,,,,,,,,,,,,,,,,,,,,,,,,,,,,,,,,,
State House of Representatives - District 47 - Dem,SHD47D,Total Votes,,,3937,,,,,,,,,,,,,,,,,,,,,,,,,,,,,,,,,,,,,,,,,,,,,,,,,,,,,,,,,,,,,,,,,,,,,,,,
State House of Representatives - District 48 - Rep,SHD48R,Scott Hilton (I),121,REP,5750,,,,,,,,,,,,,,,,,,,,,,,,,,,,,,,,,,,,,,,,,,,,,,,,,,,,,,,,,,,,,,,,,,,,,,,,
State House of Representatives - District 48 - Rep,SHD48R,Total Votes,,,5750,,,,,,,,,,,,,,,,,,,,,,,,,,,,,,,,,,,,,,,,,,,,,,,,,,,,,,,,,,,,,,,,,,,,,,,,
State House of Representatives - District 48 - Dem,SHD48D,Adam Cleveland,122,DEM,5441,,,,,,,,,,,,,,,,,,,,,,,,,,,,,,,,,,,,,,,,,,,,,,,,,,,,,,,,,,,,,,,,,,,,,,,,
State House of Representatives - District 48 - Dem,SHD48D,Total Votes,,,5441,,,,,,,,,,,,,,,,,,,,,,,,,,,,,,,,,,,,,,,,,,,,,,,,,,,,,,,,,,,,,,,,,,,,,,,,
State House of Representatives - District 49 - Rep,SHD49R,"Charles E. ""Chuck"" Martin (I)",123,REP,6272,,,,,,,,,,,,,,,,,,,,,,,,,,,,,,,,,,,,,,,,,,,,,,,,,,,,,,,,,,,,,,,,,,,,,,,,
State House of Representatives - District 49 - Rep,SHD49R,Total Votes,,,6272,,,,,,,,,,,,,,,,,,,,,,,,,,,,,,,,,,,,,,,,,,,,,,,,,,,,,,,,,,,,,,,,,,,,,,,,
State House of Representatives - District 49 - Dem,SHD49D,Teresa Lin,124,DEM,4989,,,,,,,,,,,,,,,,,,,,,,,,,,,,,,,,,,,,,,,,,,,,,,,,,,,,,,,,,,,,,,,,,,,,,,,,
State House of Representatives - District 49 - Dem,SHD49D,Total Votes,,,4989,,,,,,,,,,,,,,,,,,,,,,,,,,,,,,,,,,,,,,,,,,,,,,,,,,,,,,,,,,,,,,,,,,,,,,,,
State House of Representatives - District 50 - Rep,SHD50R,Azure Duan,125,REP,3060,,,,,,,,,,,,,,,,,,,,,,,,,,,,,,,,,,,,,,,,,,,,,,,,,,,,,,,,,,,,,,,,,,,,,,,,
State House of Representatives - District 50 - Rep,SHD50R,Total Votes,,,3060,,,,,,,,,,,,,,,,,,,,,,,,,,,,,,,,,,,,,,,,,,,,,,,,,,,,,,,,,,,,,,,,,,,,,,,,
State House of Representatives - District 50 - Dem,SHD50D,Michelle Au (I),126,DEM,4885,,,,,,,,,,,,,,,,,,,,,,,,,,,,,,,,,,,,,,,,,,,,,,,,,,,,,,,,,,,,,,,,,,,,,,,,
State House of Representatives - District 50 - Dem,SHD50D,Total Votes,,,4885,,,,,,,,,,,,,,,,,,,,,,,,,,,,,,,,,,,,,,,,,,,,,,,,,,,,,,,,,,,,,,,,,,,,,,,,
State House of Representatives - District 51 - Rep,SHD51R,Keith Gettmann,127,REP,3553,,,,,,,,,,,,,,,,,,,,,,,,,,,,,,,,,,,,,,,,,,,,,,,,,,,,,,,,,,,,,,,,,,,,,,,,
State House of Representatives - District 51 - Rep,SHD51R,Total Votes,,,3553,,,,,,,,,,,,,,,,,,,,,,,,,,,,,,,,,,,,,,,,,,,,,,,,,,,,,,,,,,,,,,,,,,,,,,,,
State House of Representatives - District 51 - Dem,SHD51D,Aaron Baker,128,DEM,2901,,,,,,,,,,,,,,,,,,,,,,,,,,,,,,,,,,,,,,,,,,,,,,,,,,,,,,,,,,,,,,,,,,,,,,,,
State House of Representatives - District 51 - Dem,SHD51D,Esther Panitch (I),129,DEM,3767,,,,,,,,,,,,,,,,,,,,,,,,,,,,,,,,,,,,,,,,,,,,,,,,,,,,,,,,,,,,,,,,,,,,,,,,
State House of Representatives - District 51 - Dem,SHD51D,Total Votes,,,6668,,,,,,,,,,,,,,,,,,,,,,,,,,,,,,,,,,,,,,,,,,,,,,,,,,,,,,,,,,,,,,,,,,,,,,,,
State House of Representatives - District 52 - Dem,SHD52D,Shea Roberts (I),110,DEM,6556,,,,,,,,,,,,,,,,,,,,,,,,,,,,,,,,,,,,,,,,,,,,,,,,,,,,,,,,,,,,,,,,,,,,,,,,
State House of Representatives - District 52 - Dem,SHD52D,Total Votes,,,6556,,,,,,,,,,,,,,,,,,,,,,,,,,,,,,,,,,,,,,,,,,,,,,,,,,,,,,,,,,,,,,,,,,,,,,,,
State House of Representatives - District 53 - Rep,SHD53R,Deborah Silcox (I),131,REP,5653,,,,,,,,,,,,,,,,,,,,,,,,,,,,,,,,,,,,,,,,,,,,,,,,,,,,,,,,,,,,,,,,,,,,,,,,
State House of Representatives - District 53 - Rep,SHD53R,Total Votes,,,5653,,,,,,,,,,,,,,,,,,,,,,,,,,,,,,,,,,,,,,,,,,,,,,,,,,,,,,,,,,,,,,,,,,,,,,,,
State House of Representatives - District 53 - Dem,SHD53D,Tim Dorr,132,DEM,1237,,,,,,,,,,,,,,,,,,,,,,,,,,,,,,,,,,,,,,,,,,,,,,,,,,,,,,,,,,,,,,,,,,,,,,,,
State House of Representatives - District 53 - Dem,SHD53D,Beth Fuller,133,DEM,4939,,,,,,,,,,,,,,,,,,,,,,,,,,,,,,,,,,,,,,,,,,,,,,,,,,,,,,,,,,,,,,,,,,,,,,,,
State House of Representatives - District 53 - Dem,SHD53D,Total Votes,,,6176,,,,,,,,,,,,,,,,,,,,,,,,,,,,,,,,,,,,,,,,,,,,,,,,,,,,,,,,,,,,,,,,,,,,,,,,
State House of Representatives - District 54 - Rep,SHD54R,Greg Miller,134,REP,2745,,,,,,,,,,,,,,,,,,,,,,,,,,,,,,,,,,,,,,,,,,,,,,,,,,,,,,,,,,,,,,,,,,,,,,,,
State House of Representatives - District 54 - Rep,SHD54R,Total Votes,,,2745,,,,,,,,,,,,,,,,,,,,,,,,,,,,,,,,,,,,,,,,,,,,,,,,,,,,,,,,,,,,,,,,,,,,,,,,
State House of Representatives - District 54 - Dem,SHD54D,Betsy Holland (I),135,DEM,5458,,,,,,,,,,,,,,,,,,,,,,,,,,,,,,,,,,,,,,,,,,,,,,,,,,,,,,,,,,,,,,,,,,,,,,,,
State House of Representatives - District 54 - Dem,SHD54D,Derrick Tuff II,136,DEM,1049,,,,,,,,,,,,,,,,,,,,,,,,,,,,,,,,,,,,,,,,,,,,,,,,,,,,,,,,,,,,,,,,,,,,,,,,
State House of Representatives - District 54 - Dem,SHD54D,Total Votes,,,6507,,,,,,,,,,,,,,,,,,,,,,,,,,,,,,,,,,,,,,,,,,,,,,,,,,,,,,,,,,,,,,,,,,,,,,,,
State House of Representatives - District 55 - Rep,SHD55R,Samuel S. Lenaeus,137,REP,1228,,,,,,,,,,,,,,,,,,,,,,,,,,,,,,,,,,,,,,,,,,,,,,,,,,,,,,,,,,,,,,,,,,,,,,,,
State House of Representatives - District 55 - Rep,SHD55R,Total Votes,,,1228,,,,,,,,,,,,,,,,,,,,,,,,,,,,,,,,,,,,,,,,,,,,,,,,,,,,,,,,,,,,,,,,,,,,,,,,
State House of Representatives - District 55 - Dem,SHD55D,Inga S. Willis (I),138,DEM,8756,,,,,,,,,,,,,,,,,,,,,,,,,,,,,,,,,,,,,,,,,,,,,,,,,,,,,,,,,,,,,,,,,,,,,,,,
State House of Representatives - District 55 - Dem,SHD55D,Total Votes,,,8756,,,,,,,,,,,,,,,,,,,,,,,,,,,,,,,,,,,,,,,,,,,,,,,,,,,,,,,,,,,,,,,,,,,,,,,,
State House of Representatives - District 56 - Dem,SHD56D,Bryce Berry (I),139,DEM,6935,,,,,,,,,,,,,,,,,,,,,,,,,,,,,,,,,,,,,,,,,,,,,,,,,,,,,,,,,,,,,,,,,,,,,,,,
State House of Representatives - District 56 - Dem,SHD56D,Total Votes,,,6935,,,,,,,,,,,,,,,,,,,,,,,,,,,,,,,,,,,,,,,,,,,,,,,,,,,,,,,,,,,,,,,,,,,,,,,,
State House of Representatives - District 57 - Rep,SHD57R,Helmut Lucero Love,140,REP,1323,,,,,,,,,,,,,,,,,,,,,,,,,,,,,,,,,,,,,,,,,,,,,,,,,,,,,,,,,,,,,,,,,,,,,,,,
State House of Representatives - District 57 - Rep,SHD57R,Total Votes,,,1323,,,,,,,,,,,,,,,,,,,,,,,,,,,,,,,,,,,,,,,,,,,,,,,,,,,,,,,,,,,,,,,,,,,,,,,,
State House of Representatives - District 57 - Dem,SHD57D,Stacey Evans (I),141,DEM,9318,,,,,,,,,,,,,,,,,,,,,,,,,,,,,,,,,,,,,,,,,,,,,,,,,,,,,,,,,,,,,,,,,,,,,,,,
State House of Representatives - District 57 - Dem,SHD57D,Jeremiah Olney,142,DEM,1700,,,,,,,,,,,,,,,,,,,,,,,,,,,,,,,,,,,,,,,,,,,,,,,,,,,,,,,,,,,,,,,,,,,,,,,,
State House of Representatives - District 57 - Dem,SHD57D,Total Votes,,,11018,,,,,,,,,,,,,,,,,,,,,,,,,,,,,,,,,,,,,,,,,,,,,,,,,,,,,,,,,,,,,,,,,,,,,,,,
State House of Representatives - District 58 - Rep,SHD58R,Torrey Balam,143,REP,448,,,,,,,,,,,,,,,,,,,,,,,,,,,,,,,,,,,,,,,,,,,,,,,,,,,,,,,,,,,,,,,,,,,,,,,,
State House of Representatives - District 58 - Rep,SHD58R,Total Votes,,,448,,,,,,,,,,,,,,,,,,,,,,,,,,,,,,,,,,,,,,,,,,,,,,,,,,,,,,,,,,,,,,,,,,,,,,,,
State House of Representatives - District 58 - Dem,SHD58D,Demetria Henderson,144,DEM,3967,,,,,,,,,,,,,,,,,,,,,,,,,,,,,,,,,,,,,,,,,,,,,,,,,,,,,,,,,,,,,,,,,,,,,,,,
State House of Representatives - District 58 - Dem,SHD58D,Edith M. Ladipo,145,DEM,957,,,,,,,,,,,,,,,,,,,,,,,,,,,,,,,,,,,,,,,,,,,,,,,,,,,,,,,,,,,,,,,,,,,,,,,,
State House of Representatives - District 58 - Dem,SHD58D,Kyle Lamont,146,DEM,2262,,,,,,,,,,,,,,,,,,,,,,,,,,,,,,,,,,,,,,,,,,,,,,,,,,,,,,,,,,,,,,,,,,,,,,,,
State House of Representatives - District 58 - Dem,SHD58D,Mathewos Samson,147,DEM,2994,,,,,,,,,,,,,,,,,,,,,,,,,,,,,,,,,,,,,,,,,,,,,,,,,,,,,,,,,,,,,,,,,,,,,,,,
State House of Representatives - District 58 - Dem,SHD58D,Total Votes,,,10180,,,,,,,,,,,,,,,,,,,,,,,,,,,,,,,,,,,,,,,,,,,,,,,,,,,,,,,,,,,,,,,,,,,,,,,,
State House of Representatives - District 59 - Rep,SHD59R,"Devanta ""Sully"" Sullivan",148,REP,253,,,,,,,,,,,,,,,,,,,,,,,,,,,,,,,,,,,,,,,,,,,,,,,,,,,,,,,,,,,,,,,,,,,,,,,,
State House of Representatives - District 59 - Rep,SHD59R,Total Votes,,,253,,,,,,,,,,,,,,,,,,,,,,,,,,,,,,,,,,,,,,,,,,,,,,,,,,,,,,,,,,,,,,,,,,,,,,,,
State House of Representatives - District 59 - Dem,SHD59D,Phil A. Olaleye (I),149,DEM,9520,,,,,,,,,,,,,,,,,,,,,,,,,,,,,,,,,,,,,,,,,,,,,,,,,,,,,,,,,,,,,,,,,,,,,,,,
State House of Representatives - District 59 - Dem,SHD59D,Total Votes,,,9520,,,,,,,,,,,,,,,,,,,,,,,,,,,,,,,,,,,,,,,,,,,,,,,,,,,,,,,,,,,,,,,,,,,,,,,,
State House of Representatives - District 60 - Dem,SHD60D,Sheila Jones (I),139,DEM,9067,,,,,,,,,,,,,,,,,,,,,,,,,,,,,,,,,,,,,,,,,,,,,,,,,,,,,,,,,,,,,,,,,,,,,,,,
State House of Representatives - District 60 - Dem,SHD60D,Total Votes,,,9067,,,,,,,,,,,,,,,,,,,,,,,,,,,,,,,,,,,,,,,,,,,,,,,,,,,,,,,,,,,,,,,,,,,,,,,,
State House of Representatives - District 61 - Rep,SHD61R,Damita Bishop,140,REP,1691,,,,,,,,,,,,,,,,,,,,,,,,,,,,,,,,,,,,,,,,,,,,,,,,,,,,,,,,,,,,,,,,,,,,,,,,
State House of Representatives - District 61 - Rep,SHD61R,Total Votes,,,1691,,,,,,,,,,,,,,,,,,,,,,,,,,,,,,,,,,,,,,,,,,,,,,,,,,,,,,,,,,,,,,,,,,,,,,,,
State House of Representatives - District 61 - Dem,SHD61D,Grace McClain,141,DEM,2555,,,,,,,,,,,,,,,,,,,,,,,,,,,,,,,,,,,,,,,,,,,,,,,,,,,,,,,,,,,,,,,,,,,,,,,,
State House of Representatives - District 61 - Dem,SHD61D,Mekyah McQueen (I),142,DEM,10283,,,,,,,,,,,,,,,,,,,,,,,,,,,,,,,,,,,,,,,,,,,,,,,,,,,,,,,,,,,,,,,,,,,,,,,,
State House of Representatives - District 61 - Dem,SHD61D,Total Votes,,,12838,,,,,,,,,,,,,,,,,,,,,,,,,,,,,,,,,,,,,,,,,,,,,,,,,,,,,,,,,,,,,,,,,,,,,,,,
State House of Representatives - District 62 - Dem,SHD62D,Kavon Arnold,154,DEM,3596,,,,,,,,,,,,,,,,,,,,,,,,,,,,,,,,,,,,,,,,,,,,,,,,,,,,,,,,,,,,,,,,,,,,,,,,
State House of Representatives - District 62 - Dem,SHD62D,Kenn Collier,155,DEM,4305,,,,,,,,,,,,,,,,,,,,,,,,,,,,,,,,,,,,,,,,,,,,,,,,,,,,,,,,,,,,,,,,,,,,,,,,
State House of Representatives - District 62 - Dem,SHD62D,Matt Rinker,156,DEM,2687,,,,,,,,,,,,,,,,,,,,,,,,,,,,,,,,,,,,,,,,,,,,,,,,,,,,,,,,,,,,,,,,,,,,,,,,
State House of Representatives - District 62 - Dem,SHD62D,W Horace Roseberry III,157,DEM,653,,,,,,,,,,,,,,,,,,,,,,,,,,,,,,,,,,,,,,,,,,,,,,,,,,,,,,,,,,,,,,,,,,,,,,,,
State House of Representatives - District 62 - Dem,SHD62D,Total Votes,,,11241,,,,,,,,,,,,,,,,,,,,,,,,,,,,,,,,,,,,,,,,,,,,,,,,,,,,,,,,,,,,,,,,,,,,,,,,
State House of Representatives - District 63 - Dem,SHD63D,Kim Schofield (I),158,DEM,8858,,,,,,,,,,,,,,,,,,,,,,,,,,,,,,,,,,,,,,,,,,,,,,,,,,,,,,,,,,,,,,,,,,,,,,,,
State House of Representatives - District 63 - Dem,SHD63D,Total Votes,,,8858,,,,,,,,,,,,,,,,,,,,,,,,,,,,,,,,,,,,,,,,,,,,,,,,,,,,,,,,,,,,,,,,,,,,,,,,
State House of Representatives - District 64 - Rep,SHD64R,Lydia Parchue,89,REP,2138,,,,,,,,,,,,,,,,,,,,,,,,,,,,,,,,,,,,,,,,,,,,,,,,,,,,,,,,,,,,,,,,,,,,,,,,
State House of Representatives - District 64 - Rep,SHD64R,Total Votes,,,2138,,,,,,,,,,,,,,,,,,,,,,,,,,,,,,,,,,,,,,,,,,,,,,,,,,,,,,,,,,,,,,,,,,,,,,,,
State House of Representatives - District 64 - Dem,SHD64D,Sylvia Wayfer Baker (I),90,DEM,10083,,,,,,,,,,,,,,,,,,,,,,,,,,,,,,,,,,,,,,,,,,,,,,,,,,,,,,,,,,,,,,,,,,,,,,,,
State House of Representatives - District 64 - Dem,SHD64D,Total Votes,,,10083,,,,,,,,,,,,,,,,,,,,,,,,,,,,,,,,,,,,,,,,,,,,,,,,,,,,,,,,,,,,,,,,,,,,,,,,
State House of Representatives - District 65 - Rep,SHD65R,"Gordon W. Rolle, Jr.",82,REP,2479,,,,,,,,,,,,,,,,,,,,,,,,,,,,,,,,,,,,,,,,,,,,,,,,,,,,,,,,,,,,,,,,,,,,,,,,
State House of Representatives - District 65 - Rep,SHD65R,Total Votes,,,2479,,,,,,,,,,,,,,,,,,,,,,,,,,,,,,,,,,,,,,,,,,,,,,,,,,,,,,,,,,,,,,,,,,,,,,,,
State House of Representatives - District 65 - Dem,SHD65D,Robert Dawson (I),83,DEM,13738,,,,,,,,,,,,,,,,,,,,,,,,,,,,,,,,,,,,,,,,,,,,,,,,,,,,,,,,,,,,,,,,,,,,,,,,
State House of Representatives - District 65 - Dem,SHD65D,Total Votes,,,13738,,,,,,,,,,,,,,,,,,,,,,,,,,,,,,,,,,,,,,,,,,,,,,,,,,,,,,,,,,,,,,,,,,,,,,,,
State House of Representatives - District 66 - Dem,SHD66D,Kimberly Alexander (I),91,DEM,6429,,,,,,,,,,,,,,,,,,,,,,,,,,,,,,,,,,,,,,,,,,,,,,,,,,,,,,,,,,,,,,,,,,,,,,,,
State House of Representatives - District 66 - Dem,SHD66D,Derrian Smith,92,DEM,1485,,,,,,,,,,,,,,,,,,,,,,,,,,,,,,,,,,,,,,,,,,,,,,,,,,,,,,,,,,,,,,,,,,,,,,,,
State House of Representatives - District 66 - Dem,SHD66D,Total Votes,,,7914,,,,,,,,,,,,,,,,,,,,,,,,,,,,,,,,,,,,,,,,,,,,,,,,,,,,,,,,,,,,,,,,,,,,,,,,
State House of Representatives - District 67 - Rep,SHD67R,Daniel Cook,84,REP,2728,,,,,,,,,,,,,,,,,,,,,,,,,,,,,,,,,,,,,,,,,,,,,,,,,,,,,,,,,,,,,,,,,,,,,,,,
State House of Representatives - District 67 - Rep,SHD67R,Total Votes,,,2728,,,,,,,,,,,,,,,,,,,,,,,,,,,,,,,,,,,,,,,,,,,,,,,,,,,,,,,,,,,,,,,,,,,,,,,,
State House of Representatives - District 67 - Dem,SHD67D,Lydia Glaize (I),85,DEM,9210,,,,,,,,,,,,,,,,,,,,,,,,,,,,,,,,,,,,,,,,,,,,,,,,,,,,,,,,,,,,,,,,,,,,,,,,
State House of Representatives - District 67 - Dem,SHD67D,Total Votes,,,9210,,,,,,,,,,,,,,,,,,,,,,,,,,,,,,,,,,,,,,,,,,,,,,,,,,,,,,,,,,,,,,,,,,,,,,,,
State House of Representatives - District 68 - Dem,SHD68D,Mark Baker,136,DEM,2818,,,,,,,,,,,,,,,,,,,,,,,,,,,,,,,,,,,,,,,,,,,,,,,,,,,,,,,,,,,,,,,,,,,,,,,,
State House of Representatives - District 68 - Dem,SHD68D,Jonathan Bonner,137,DEM,1296,,,,,,,,,,,,,,,,,,,,,,,,,,,,,,,,,,,,,,,,,,,,,,,,,,,,,,,,,,,,,,,,,,,,,,,,
State House of Representatives - District 68 - Dem,SHD68D,Courtney Heard,138,DEM,1053,,,,,,,,,,,,,,,,,,,,,,,,,,,,,,,,,,,,,,,,,,,,,,,,,,,,,,,,,,,,,,,,,,,,,,,,
State House of Representatives - District 68 - Dem,SHD68D,"Quentin ""Q"" Pullen",139,DEM,1590,,,,,,,,,,,,,,,,,,,,,,,,,,,,,,,,,,,,,,,,,,,,,,,,,,,,,,,,,,,,,,,,,,,,,,,,
State House of Representatives - District 68 - Dem,SHD68D,Timoria McQueen Saba,140,DEM,1712,,,,,,,,,,,,,,,,,,,,,,,,,,,,,,,,,,,,,,,,,,,,,,,,,,,,,,,,,,,,,,,,,,,,,,,,
State House of Representatives - District 68 - Dem,SHD68D,Jane Williams,141,DEM,1003,,,,,,,,,,,,,,,,,,,,,,,,,,,,,,,,,,,,,,,,,,,,,,,,,,,,,,,,,,,,,,,,,,,,,,,,
State House of Representatives - District 68 - Dem,SHD68D,Total Votes,,,9472,,,,,,,,,,,,,,,,,,,,,,,,,,,,,,,,,,,,,,,,,,,,,,,,,,,,,,,,,,,,,,,,,,,,,,,,
State House of Representatives - District 69 - Dem,SHD69D,Debra Bazemore (I),142,DEM,9918,,,,,,,,,,,,,,,,,,,,,,,,,,,,,,,,,,,,,,,,,,,,,,,,,,,,,,,,,,,,,,,,,,,,,,,,
State House of Representatives - District 69 - Dem,SHD69D,Cobie Lyrix Brown,143,DEM,1344,,,,,,,,,,,,,,,,,,,,,,,,,,,,,,,,,,,,,,,,,,,,,,,,,,,,,,,,,,,,,,,,,,,,,,,,
State House of Representatives - District 69 - Dem,SHD69D,September R. Cooper,144,DEM,1304,,,,,,,,,,,,,,,,,,,,,,,,,,,,,,,,,,,,,,,,,,,,,,,,,,,,,,,,,,,,,,,,,,,,,,,,
State House of Representatives - District 69 - Dem,SHD69D,Total Votes,,,12566,,,,,,,,,,,,,,,,,,,,,,,,,,,,,,,,,,,,,,,,,,,,,,,,,,,,,,,,,,,,,,,,,,,,,,,,
State House of Representatives - District 70 - Rep,SHD70R,Melissa Stuckey,87,REP,4819,,,,,,,,,,,,,,,,,,,,,,,,,,,,,,,,,,,,,,,,,,,,,,,,,,,,,,,,,,,,,,,,,,,,,,,,
State House of Representatives - District 70 - Rep,SHD70R,Total Votes,,,4819,,,,,,,,,,,,,,,,,,,,,,,,,,,,,,,,,,,,,,,,,,,,,,,,,,,,,,,,,,,,,,,,,,,,,,,,
State House of Representatives - District 70 - Dem,SHD70D,Diane Boulai,88,DEM,2081,,,,,,,,,,,,,,,,,,,,,,,,,,,,,,,,,,,,,,,,,,,,,,,,,,,,,,,,,,,,,,,,,,,,,,,,
State House of Representatives - District 70 - Dem,SHD70D,Pierre Whatley,89,DEM,1992,,,,,,,,,,,,,,,,,,,,,,,,,,,,,,,,,,,,,,,,,,,,,,,,,,,,,,,,,,,,,,,,,,,,,,,,
State House of Representatives - District 70 - Dem,SHD70D,Total Votes,,,4073,,,,,,,,,,,,,,,,,,,,,,,,,,,,,,,,,,,,,,,,,,,,,,,,,,,,,,,,,,,,,,,,,,,,,,,,
State House of Representatives - District 71 - Rep,SHD71R,"Justin ""Jutt"" Howard (I)",90,REP,5170,,,,,,,,,,,,,,,,,,,,,,,,,,,,,,,,,,,,,,,,,,,,,,,,,,,,,,,,,,,,,,,,,,,,,,,,
State House of Representatives - District 71 - Rep,SHD71R,Total Votes,,,5170,,,,,,,,,,,,,,,,,,,,,,,,,,,,,,,,,,,,,,,,,,,,,,,,,,,,,,,,,,,,,,,,,,,,,,,,
State House of Representatives - District 71 - Dem,SHD71D,Anna Higgins,91,DEM,2053,,,,,,,,,,,,,,,,,,,,,,,,,,,,,,,,,,,,,,,,,,,,,,,,,,,,,,,,,,,,,,,,,,,,,,,,
State House of Representatives - District 71 - Dem,SHD71D,Brandolynn Yarbrough,92,DEM,1555,,,,,,,,,,,,,,,,,,,,,,,,,,,,,,,,,,,,,,,,,,,,,,,,,,,,,,,,,,,,,,,,,,,,,,,,
State House of Representatives - District 71 - Dem,SHD71D,Total Votes,,,3608,,,,,,,,,,,,,,,,,,,,,,,,,,,,,,,,,,,,,,,,,,,,,,,,,,,,,,,,,,,,,,,,,,,,,,,,
State House of Representatives - District 72 - Rep,SHD72R,David Huddleston (I),93,REP,6955,,,,,,,,,,,,,,,,,,,,,,,,,,,,,,,,,,,,,,,,,,,,,,,,,,,,,,,,,,,,,,,,,,,,,,,,
State House of Representatives - District 72 - Rep,SHD72R,Total Votes,,,6955,,,,,,,,,,,,,,,,,,,,,,,,,,,,,,,,,,,,,,,,,,,,,,,,,,,,,,,,,,,,,,,,,,,,,,,,
State House of Representatives - District 73 - Rep,SHD73R,Josh Bonner (I),89,REP,7988,,,,,,,,,,,,,,,,,,,,,,,,,,,,,,,,,,,,,,,,,,,,,,,,,,,,,,,,,,,,,,,,,,,,,,,,
State House of Representatives - District 73 - Rep,SHD73R,Total Votes,,,7988,,,,,,,,,,,,,,,,,,,,,,,,,,,,,,,,,,,,,,,,,,,,,,,,,,,,,,,,,,,,,,,,,,,,,,,,
State House of Representatives - District 73 - Dem,SHD73D,Tim Wilkinson,90,DEM,4391,,,,,,,,,,,,,,,,,,,,,,,,,,,,,,,,,,,,,,,,,,,,,,,,,,,,,,,,,,,,,,,,,,,,,,,,
State House of Representatives - District 73 - Dem,SHD73D,Total Votes,,,4391,,,,,,,,,,,,,,,,,,,,,,,,,,,,,,,,,,,,,,,,,,,,,,,,,,,,,,,,,,,,,,,,,,,,,,,,
State House of Representatives - District 74 - Dem,SHD74D,"Robert Flournoy, Jr. (I)",165,DEM,9944,,,,,,,,,,,,,,,,,,,,,,,,,,,,,,,,,,,,,,,,,,,,,,,,,,,,,,,,,,,,,,,,,,,,,,,,
State House of Representatives - District 74 - Dem,SHD74D,Total Votes,,,9944,,,,,,,,,,,,,,,,,,,,,,,,,,,,,,,,,,,,,,,,,,,,,,,,,,,,,,,,,,,,,,,,,,,,,,,,
State House of Representatives - District 75 - Dem,SHD75D,Eric W. Bell II (I),166,DEM,8256,,,,,,,,,,,,,,,,,,,,,,,,,,,,,,,,,,,,,,,,,,,,,,,,,,,,,,,,,,,,,,,,,,,,,,,,
State House of Representatives - District 75 - Dem,SHD75D,Total Votes,,,8256,,,,,,,,,,,,,,,,,,,,,,,,,,,,,,,,,,,,,,,,,,,,,,,,,,,,,,,,,,,,,,,,,,,,,,,,
State House of Representatives - District 76 - Dem,SHD76D,Sandra G. Scott (I),167,DEM,8747,,,,,,,,,,,,,,,,,,,,,,,,,,,,,,,,,,,,,,,,,,,,,,,,,,,,,,,,,,,,,,,,,,,,,,,,
State House of Representatives - District 76 - Dem,SHD76D,Total Votes,,,8747,,,,,,,,,,,,,,,,,,,,,,,,,,,,,,,,,,,,,,,,,,,,,,,,,,,,,,,,,,,,,,,,,,,,,,,,
State House of Representatives - District 77 - Dem,SHD77D,Rhonda Burnough (I),168,DEM,7285,,,,,,,,,,,,,,,,,,,,,,,,,,,,,,,,,,,,,,,,,,,,,,,,,,,,,,,,,,,,,,,,,,,,,,,,
State House of Representatives - District 77 - Dem,SHD77D,Total Votes,,,7285,,,,,,,,,,,,,,,,,,,,,,,,,,,,,,,,,,,,,,,,,,,,,,,,,,,,,,,,,,,,,,,,,,,,,,,,
State House of Representatives - District 78 - Dem,SHD78D,Demetrius Douglas (I),169,DEM,9958,,,,,,,,,,,,,,,,,,,,,,,,,,,,,,,,,,,,,,,,,,,,,,,,,,,,,,,,,,,,,,,,,,,,,,,,
State House of Representatives - District 78 - Dem,SHD78D,Total Votes,,,9958,,,,,,,,,,,,,,,,,,,,,,,,,,,,,,,,,,,,,,,,,,,,,,,,,,,,,,,,,,,,,,,,,,,,,,,,
State House of Representatives - District 79 - Rep,SHD79R,David Hamrick,170,REP,361,,,,,,,,,,,,,,,,,,,,,,,,,,,,,,,,,,,,,,,,,,,,,,,,,,,,,,,,,,,,,,,,,,,,,,,,
State House of Representatives - District 79 - Rep,SHD79R,Total Votes,,,361,,,,,,,,,,,,,,,,,,,,,,,,,,,,,,,,,,,,,,,,,,,,,,,,,,,,,,,,,,,,,,,,,,,,,,,,
State House of Representatives - District 79 - Dem,SHD79D,Yasmin Neal (I),171,DEM,5633,,,,,,,,,,,,,,,,,,,,,,,,,,,,,,,,,,,,,,,,,,,,,,,,,,,,,,,,,,,,,,,,,,,,,,,,
State House of Representatives - District 79 - Dem,SHD79D,Total Votes,,,5633,,,,,,,,,,,,,,,,,,,,,,,,,,,,,,,,,,,,,,,,,,,,,,,,,,,,,,,,,,,,,,,,,,,,,,,,
State House of Representatives - District 80 - Rep,SHD80R,Brian Anderson,111,REP,2975,,,,,,,,,,,,,,,,,,,,,,,,,,,,,,,,,,,,,,,,,,,,,,,,,,,,,,,,,,,,,,,,,,,,,,,,
State House of Representatives - District 80 - Rep,SHD80R,Total Votes,,,2975,,,,,,,,,,,,,,,,,,,,,,,,,,,,,,,,,,,,,,,,,,,,,,,,,,,,,,,,,,,,,,,,,,,,,,,,
State House of Representatives - District 80 - Dem,SHD80D,Long Tran (I),112,DEM,5854,,,,,,,,,,,,,,,,,,,,,,,,,,,,,,,,,,,,,,,,,,,,,,,,,,,,,,,,,,,,,,,,,,,,,,,,
State House of Representatives - District 80 - Dem,SHD80D,Total Votes,,,5854,,,,,,,,,,,,,,,,,,,,,,,,,,,,,,,,,,,,,,,,,,,,,,,,,,,,,,,,,,,,,,,,,,,,,,,,
State House of Representatives - District 81 - Rep,SHD81R,Noelle Kahaian (I),106,REP,5591,,,,,,,,,,,,,,,,,,,,,,,,,,,,,,,,,,,,,,,,,,,,,,,,,,,,,,,,,,,,,,,,,,,,,,,,
State House of Representatives - District 81 - Rep,SHD81R,Total Votes,,,5591,,,,,,,,,,,,,,,,,,,,,,,,,,,,,,,,,,,,,,,,,,,,,,,,,,,,,,,,,,,,,,,,,,,,,,,,
State House of Representatives - District 81 - Dem,SHD81D,Mishael White,107,DEM,6725,,,,,,,,,,,,,,,,,,,,,,,,,,,,,,,,,,,,,,,,,,,,,,,,,,,,,,,,,,,,,,,,,,,,,,,,
State House of Representatives - District 81 - Dem,SHD81D,Total Votes,,,6725,,,,,,,,,,,,,,,,,,,,,,,,,,,,,,,,,,,,,,,,,,,,,,,,,,,,,,,,,,,,,,,,,,,,,,,,
State House of Representatives - District 82 - Rep,SHD82R,Karen I. Mathiak (I),147,REP,7921,,,,,,,,,,,,,,,,,,,,,,,,,,,,,,,,,,,,,,,,,,,,,,,,,,,,,,,,,,,,,,,,,,,,,,,,
State House of Representatives - District 82 - Rep,SHD82R,Total Votes,,,7921,,,,,,,,,,,,,,,,,,,,,,,,,,,,,,,,,,,,,,,,,,,,,,,,,,,,,,,,,,,,,,,,,,,,,,,,
State House of Representatives - District 82 - Dem,SHD82D,Anthony Dickson,148,DEM,3868,,,,,,,,,,,,,,,,,,,,,,,,,,,,,,,,,,,,,,,,,,,,,,,,,,,,,,,,,,,,,,,,,,,,,,,,
State House of Representatives - District 82 - Dem,SHD82D,William Harris,149,DEM,1630,,,,,,,,,,,,,,,,,,,,,,,,,,,,,,,,,,,,,,,,,,,,,,,,,,,,,,,,,,,,,,,,,,,,,,,,
State House of Representatives - District 82 - Dem,SHD82D,Total Votes,,,5498,,,,,,,,,,,,,,,,,,,,,,,,,,,,,,,,,,,,,,,,,,,,,,,,,,,,,,,,,,,,,,,,,,,,,,,,
State House of Representatives - District 83 - Rep,SHD83R,"James ""Trip"" Smith",113,REP,1576,,,,,,,,,,,,,,,,,,,,,,,,,,,,,,,,,,,,,,,,,,,,,,,,,,,,,,,,,,,,,,,,,,,,,,,,
State House of Representatives - District 83 - Rep,SHD83R,Total Votes,,,1576,,,,,,,,,,,,,,,,,,,,,,,,,,,,,,,,,,,,,,,,,,,,,,,,,,,,,,,,,,,,,,,,,,,,,,,,
State House of Representatives - District 83 - Dem,SHD83D,Karen Lupton (I),114,DEM,5279,,,,,,,,,,,,,,,,,,,,,,,,,,,,,,,,,,,,,,,,,,,,,,,,,,,,,,,,,,,,,,,,,,,,,,,,
State House of Representatives - District 83 - Dem,SHD83D,Total Votes,,,5279,,,,,,,,,,,,,,,,,,,,,,,,,,,,,,,,,,,,,,,,,,,,,,,,,,,,,,,,,,,,,,,,,,,,,,,,
State House of Representatives - District 84 - Dem,SHD84D,Mary Margaret Oliver (I),115,DEM,13602,,,,,,,,,,,,,,,,,,,,,,,,,,,,,,,,,,,,,,,,,,,,,,,,,,,,,,,,,,,,,,,,,,,,,,,,
State House of Representatives - District 84 - Dem,SHD84D,Total Votes,,,13602,,,,,,,,,,,,,,,,,,,,,,,,,,,,,,,,,,,,,,,,,,,,,,,,,,,,,,,,,,,,,,,,,,,,,,,,
State House of Representatives - District 85 - Rep,SHD85R,Tyion Fields,116,REP,633,,,,,,,,,,,,,,,,,,,,,,,,,,,,,,,,,,,,,,,,,,,,,,,,,,,,,,,,,,,,,,,,,,,,,,,,
State House of Representatives - District 85 - Rep,SHD85R,Total Votes,,,633,,,,,,,,,,,,,,,,,,,,,,,,,,,,,,,,,,,,,,,,,,,,,,,,,,,,,,,,,,,,,,,,,,,,,,,,
State House of Representatives - District 85 - Dem,SHD85D,Karla L. Drenner (I),117,DEM,9619,,,,,,,,,,,,,,,,,,,,,,,,,,,,,,,,,,,,,,,,,,,,,,,,,,,,,,,,,,,,,,,,,,,,,,,,
State House of Representatives - District 85 - Dem,SHD85D,Total Votes,,,9619,,,,,,,,,,,,,,,,,,,,,,,,,,,,,,,,,,,,,,,,,,,,,,,,,,,,,,,,,,,,,,,,,,,,,,,,
State House of Representatives - District 86 - Dem,SHD86D,Imani Barnes (I),118,DEM,8801,,,,,,,,,,,,,,,,,,,,,,,,,,,,,,,,,,,,,,,,,,,,,,,,,,,,,,,,,,,,,,,,,,,,,,,,
State House of Representatives - District 86 - Dem,SHD86D,Total Votes,,,8801,,,,,,,,,,,,,,,,,,,,,,,,,,,,,,,,,,,,,,,,,,,,,,,,,,,,,,,,,,,,,,,,,,,,,,,,
State House of Representatives - District 87 - Rep,SHD87R,Timothy J. Burson,119,REP,1569,,,,,,,,,,,,,,,,,,,,,,,,,,,,,,,,,,,,,,,,,,,,,,,,,,,,,,,,,,,,,,,,,,,,,,,,
State House of Representatives - District 87 - Rep,SHD87R,Total Votes,,,1569,,,,,,,,,,,,,,,,,,,,,,,,,,,,,,,,,,,,,,,,,,,,,,,,,,,,,,,,,,,,,,,,,,,,,,,,
State House of Representatives - District 87 - Dem,SHD87D,Viola Davis (I),120,DEM,9012,,,,,,,,,,,,,,,,,,,,,,,,,,,,,,,,,,,,,,,,,,,,,,,,,,,,,,,,,,,,,,,,,,,,,,,,
State House of Representatives - District 87 - Dem,SHD87D,Total Votes,,,9012,,,,,,,,,,,,,,,,,,,,,,,,,,,,,,,,,,,,,,,,,,,,,,,,,,,,,,,,,,,,,,,,,,,,,,,,
State House of Representatives - District 88 - Rep,SHD88R,William Park Freeman,121,REP,1161,,,,,,,,,,,,,,,,,,,,,,,,,,,,,,,,,,,,,,,,,,,,,,,,,,,,,,,,,,,,,,,,,,,,,,,,
State House of Representatives - District 88 - Rep,SHD88R,Total Votes,,,1161,,,,,,,,,,,,,,,,,,,,,,,,,,,,,,,,,,,,,,,,,,,,,,,,,,,,,,,,,,,,,,,,,,,,,,,,
State House of Representatives - District 88 - Dem,SHD88D,Billy Mitchell (I),122,DEM,9073,,,,,,,,,,,,,,,,,,,,,,,,,,,,,,,,,,,,,,,,,,,,,,,,,,,,,,,,,,,,,,,,,,,,,,,,
State House of Representatives - District 88 - Dem,SHD88D,Total Votes,,,9073,,,,,,,,,,,,,,,,,,,,,,,,,,,,,,,,,,,,,,,,,,,,,,,,,,,,,,,,,,,,,,,,,,,,,,,,
State House of Representatives - District 89 - Dem,SHD89D,Omari Crawford (I),123,DEM,13268,,,,,,,,,,,,,,,,,,,,,,,,,,,,,,,,,,,,,,,,,,,,,,,,,,,,,,,,,,,,,,,,,,,,,,,,
State House of Representatives - District 89 - Dem,SHD89D,Total Votes,,,13268,,,,,,,,,,,,,,,,,,,,,,,,,,,,,,,,,,,,,,,,,,,,,,,,,,,,,,,,,,,,,,,,,,,,,,,,
State House of Representatives - District 90 - Rep,SHD90R,Samantha Boston,124,REP,555,,,,,,,,,,,,,,,,,,,,,,,,,,,,,,,,,,,,,,,,,,,,,,,,,,,,,,,,,,,,,,,,,,,,,,,,
State House of Representatives - District 90 - Rep,SHD90R,Total Votes,,,555,,,,,,,,,,,,,,,,,,,,,,,,,,,,,,,,,,,,,,,,,,,,,,,,,,,,,,,,,,,,,,,,,,,,,,,,
State House of Representatives - District 90 - Dem,SHD90D,Bentley Hudgins,126,DEM,7046,,,,,,,,,,,,,,,,,,,,,,,,,,,,,,,,,,,,,,,,,,,,,,,,,,,,,,,,,,,,,,,,,,,,,,,,
State House of Representatives - District 90 - Dem,SHD90D,Leisa Stafford,129,DEM,3627,,,,,,,,,,,,,,,,,,,,,,,,,,,,,,,,,,,,,,,,,,,,,,,,,,,,,,,,,,,,,,,,,,,,,,,,
State House of Representatives - District 90 - Dem,SHD90D,Total Votes,,,10673,,,,,,,,,,,,,,,,,,,,,,,,,,,,,,,,,,,,,,,,,,,,,,,,,,,,,,,,,,,,,,,,,,,,,,,,
State House of Representatives - District 91 - Dem,SHD91D,Stacey Garel,130,DEM,3169,,,,,,,,,,,,,,,,,,,,,,,,,,,,,,,,,,,,,,,,,,,,,,,,,,,,,,,,,,,,,,,,,,,,,,,,
State House of Representatives - District 91 - Dem,SHD91D,Angela Moore (I),131,DEM,8668,,,,,,,,,,,,,,,,,,,,,,,,,,,,,,,,,,,,,,,,,,,,,,,,,,,,,,,,,,,,,,,,,,,,,,,,
State House of Representatives - District 91 - Dem,SHD91D,Total Votes,,,11837,,,,,,,,,,,,,,,,,,,,,,,,,,,,,,,,,,,,,,,,,,,,,,,,,,,,,,,,,,,,,,,,,,,,,,,,
State House of Representatives - District 92 - Dem,SHD92D,Shawn Brown,90,DEM,2353,,,,,,,,,,,,,,,,,,,,,,,,,,,,,,,,,,,,,,,,,,,,,,,,,,,,,,,,,,,,,,,,,,,,,,,,
State House of Representatives - District 92 - Dem,SHD92D,Arthur Demoine Kinney,91,DEM,1826,,,,,,,,,,,,,,,,,,,,,,,,,,,,,,,,,,,,,,,,,,,,,,,,,,,,,,,,,,,,,,,,,,,,,,,,
State House of Representatives - District 92 - Dem,SHD92D,Rhonda Taylor (I),92,DEM,7328,,,,,,,,,,,,,,,,,,,,,,,,,,,,,,,,,,,,,,,,,,,,,,,,,,,,,,,,,,,,,,,,,,,,,,,,
State House of Representatives - District 92 - Dem,SHD92D,Total Votes,,,11507,,,,,,,,,,,,,,,,,,,,,,,,,,,,,,,,,,,,,,,,,,,,,,,,,,,,,,,,,,,,,,,,,,,,,,,,
State House of Representatives - District 93 - Dem,SHD93D,Doreen Carter (I),132,DEM,8497,,,,,,,,,,,,,,,,,,,,,,,,,,,,,,,,,,,,,,,,,,,,,,,,,,,,,,,,,,,,,,,,,,,,,,,,
State House of Representatives - District 93 - Dem,SHD93D,Total Votes,,,8497,,,,,,,,,,,,,,,,,,,,,,,,,,,,,,,,,,,,,,,,,,,,,,,,,,,,,,,,,,,,,,,,,,,,,,,,
State House of Representatives - District 94 - Dem,SHD94D,Elmore Alexander,133,DEM,1388,,,,,,,,,,,,,,,,,,,,,,,,,,,,,,,,,,,,,,,,,,,,,,,,,,,,,,,,,,,,,,,,,,,,,,,,
State House of Representatives - District 94 - Dem,SHD94D,Kelly Kautz,134,DEM,2087,,,,,,,,,,,,,,,,,,,,,,,,,,,,,,,,,,,,,,,,,,,,,,,,,,,,,,,,,,,,,,,,,,,,,,,,
State House of Representatives - District 94 - Dem,SHD94D,Venola Mason,135,DEM,5123,,,,,,,,,,,,,,,,,,,,,,,,,,,,,,,,,,,,,,,,,,,,,,,,,,,,,,,,,,,,,,,,,,,,,,,,
State House of Representatives - District 94 - Dem,SHD94D,Ikenna Emmanuel Ugwumadu,136,DEM,1998,,,,,,,,,,,,,,,,,,,,,,,,,,,,,,,,,,,,,,,,,,,,,,,,,,,,,,,,,,,,,,,,,,,,,,,,
State House of Representatives - District 94 - Dem,SHD94D,Total Votes,,,10596,,,,,,,,,,,,,,,,,,,,,,,,,,,,,,,,,,,,,,,,,,,,,,,,,,,,,,,,,,,,,,,,,,,,,,,,
State House of Representatives - District 95 - Rep,SHD95R,Reggie Hall,137,REP,1156,,,,,,,,,,,,,,,,,,,,,,,,,,,,,,,,,,,,,,,,,,,,,,,,,,,,,,,,,,,,,,,,,,,,,,,,
State House of Representatives - District 95 - Rep,SHD95R,Total Votes,,,1156,,,,,,,,,,,,,,,,,,,,,,,,,,,,,,,,,,,,,,,,,,,,,,,,,,,,,,,,,,,,,,,,,,,,,,,,
State House of Representatives - District 95/ Para la Cámara de Representantes del Estado Distrito 95 - Dem,SHD95D,Zae Brewer,138,DEM,1382,,,,,,,,,,,,,,,,,,,,,,,,,,,,,,,,,,,,,,,,,,,,,,,,,,,,,,,,,,,,,,,,,,,,,,,,
State House of Representatives - District 95/ Para la Cámara de Representantes del Estado Distrito 95 - Dem,SHD95D,Stacy Jay Johnson,139,DEM,3054,,,,,,,,,,,,,,,,,,,,,,,,,,,,,,,,,,,,,,,,,,,,,,,,,,,,,,,,,,,,,,,,,,,,,,,,
State House of Representatives - District 95/ Para la Cámara de Representantes del Estado Distrito 95 - Dem,SHD95D,Darshun Nicole Kendrick (I),140,DEM,5563,,,,,,,,,,,,,,,,,,,,,,,,,,,,,,,,,,,,,,,,,,,,,,,,,,,,,,,,,,,,,,,,,,,,,,,,
State House of Representatives - District 95/ Para la Cámara de Representantes del Estado Distrito 95 - Dem,SHD95D,Total Votes,,,9999,,,,,,,,,,,,,,,,,,,,,,,,,,,,,,,,,,,,,,,,,,,,,,,,,,,,,,,,,,,,,,,,,,,,,,,,
State House of Representatives - District 96/ Para la Cámara de Representantes del Estado Distrito 96 - Dem,SHD96D,Arlene Beckles (I),141,DEM,2566,,,,,,,,,,,,,,,,,,,,,,,,,,,,,,,,,,,,,,,,,,,,,,,,,,,,,,,,,,,,,,,,,,,,,,,,
State House of Representatives - District 96/ Para la Cámara de Representantes del Estado Distrito 96 - Dem,SHD96D,Tanjina Islam,142,DEM,1175,,,,,,,,,,,,,,,,,,,,,,,,,,,,,,,,,,,,,,,,,,,,,,,,,,,,,,,,,,,,,,,,,,,,,,,,
State House of Representatives - District 96/ Para la Cámara de Representantes del Estado Distrito 96 - Dem,SHD96D,Total Votes,,,3741,,,,,,,,,,,,,,,,,,,,,,,,,,,,,,,,,,,,,,,,,,,,,,,,,,,,,,,,,,,,,,,,,,,,,,,,
State House of Representatives - District 97/ Para la Cámara de Representantes del Estado Distrito 97 - Rep,SHD97R,Yassin Moghazy,143,REP,2194,,,,,,,,,,,,,,,,,,,,,,,,,,,,,,,,,,,,,,,,,,,,,,,,,,,,,,,,,,,,,,,,,,,,,,,,
State House of Representatives - District 97/ Para la Cámara de Representantes del Estado Distrito 97 - Rep,SHD97R,Total Votes,,,2194,,,,,,,,,,,,,,,,,,,,,,,,,,,,,,,,,,,,,,,,,,,,,,,,,,,,,,,,,,,,,,,,,,,,,,,,
State House of Representatives - District 97/ Para la Cámara de Representantes del Estado Distrito 97 - Dem,SHD97D,Jacques Laurent,144,DEM,2351,,,,,,,,,,,,,,,,,,,,,,,,,,,,,,,,,,,,,,,,,,,,,,,,,,,,,,,,,,,,,,,,,,,,,,,,
State House of Representatives - District 97/ Para la Cámara de Representantes del Estado Distrito 97 - Dem,SHD97D,Jyot Singh,145,DEM,3401,,,,,,,,,,,,,,,,,,,,,,,,,,,,,,,,,,,,,,,,,,,,,,,,,,,,,,,,,,,,,,,,,,,,,,,,
State House of Representatives - District 97/ Para la Cámara de Representantes del Estado Distrito 97 - Dem,SHD97D,Total Votes,,,5752,,,,,,,,,,,,,,,,,,,,,,,,,,,,,,,,,,,,,,,,,,,,,,,,,,,,,,,,,,,,,,,,,,,,,,,,
State House of Representatives - District 98/ Para la Cámara de Representantes del Estado Distrito 98 - Dem,SHD98D,Marvin Lim (I),146,DEM,1739,,,,,,,,,,,,,,,,,,,,,,,,,,,,,,,,,,,,,,,,,,,,,,,,,,,,,,,,,,,,,,,,,,,,,,,,
State House of Representatives - District 98/ Para la Cámara de Representantes del Estado Distrito 98 - Dem,SHD98D,Brenda Lopez Romero,147,DEM,1094,,,,,,,,,,,,,,,,,,,,,,,,,,,,,,,,,,,,,,,,,,,,,,,,,,,,,,,,,,,,,,,,,,,,,,,,
State House of Representatives - District 98/ Para la Cámara de Representantes del Estado Distrito 98 - Dem,SHD98D,Total Votes,,,2833,,,,,,,,,,,,,,,,,,,,,,,,,,,,,,,,,,,,,,,,,,,,,,,,,,,,,,,,,,,,,,,,,,,,,,,,
State House of Representatives - District 99/ Para la Cámara de Representantes del Estado Distrito 99 - Rep,SHD99R,Matt Reeves (I),148,REP,3611,,,,,,,,,,,,,,,,,,,,,,,,,,,,,,,,,,,,,,,,,,,,,,,,,,,,,,,,,,,,,,,,,,,,,,,,
State House of Representatives - District 99/ Para la Cámara de Representantes del Estado Distrito 99 - Rep,SHD99R,Total Votes,,,3611,,,,,,,,,,,,,,,,,,,,,,,,,,,,,,,,,,,,,,,,,,,,,,,,,,,,,,,,,,,,,,,,,,,,,,,,
State House of Representatives - District 99/ Para la Cámara de Representantes del Estado Distrito 99 - Dem,SHD99D,Shelly John Abraham,149,DEM,1522,,,,,,,,,,,,,,,,,,,,,,,,,,,,,,,,,,,,,,,,,,,,,,,,,,,,,,,,,,,,,,,,,,,,,,,,
State House of Representatives - District 99/ Para la Cámara de Representantes del Estado Distrito 99 - Dem,SHD99D,Michelle Kang,150,DEM,3814,,,,,,,,,,,,,,,,,,,,,,,,,,,,,,,,,,,,,,,,,,,,,,,,,,,,,,,,,,,,,,,,,,,,,,,,
State House of Representatives - District 99/ Para la Cámara de Representantes del Estado Distrito 99 - Dem,SHD99D,Total Votes,,,5336,,,,,,,,,,,,,,,,,,,,,,,,,,,,,,,,,,,,,,,,,,,,,,,,,,,,,,,,,,,,,,,,,,,,,,,,
State House of Representatives - District 100 - Rep,SHD100R,Josh Clark,103,REP,4585,,,,,,,,,,,,,,,,,,,,,,,,,,,,,,,,,,,,,,,,,,,,,,,,,,,,,,,,,,,,,,,,,,,,,,,,
State House of Representatives - District 100 - Rep,SHD100R,Edwin Duncan,104,REP,1256,,,,,,,,,,,,,,,,,,,,,,,,,,,,,,,,,,,,,,,,,,,,,,,,,,,,,,,,,,,,,,,,,,,,,,,,
State House of Representatives - District 100 - Rep,SHD100R,Total Votes,,,5841,,,,,,,,,,,,,,,,,,,,,,,,,,,,,,,,,,,,,,,,,,,,,,,,,,,,,,,,,,,,,,,,,,,,,,,,
State House of Representatives - District 100 - Dem,SHD100D,Jennifer Ambler,105,DEM,3676,,,,,,,,,,,,,,,,,,,,,,,,,,,,,,,,,,,,,,,,,,,,,,,,,,,,,,,,,,,,,,,,,,,,,,,,
State House of Representatives - District 100 - Dem,SHD100D,Total Votes,,,3676,,,,,,,,,,,,,,,,,,,,,,,,,,,,,,,,,,,,,,,,,,,,,,,,,,,,,,,,,,,,,,,,,,,,,,,,
State House of Representatives - District 101 - Rep,SHD101R,Jennifer Hutchison,141,REP,1811,,,,,,,,,,,,,,,,,,,,,,,,,,,,,,,,,,,,,,,,,,,,,,,,,,,,,,,,,,,,,,,,,,,,,,,,
State House of Representatives - District 101 - Rep,SHD101R,Total Votes,,,1811,,,,,,,,,,,,,,,,,,,,,,,,,,,,,,,,,,,,,,,,,,,,,,,,,,,,,,,,,,,,,,,,,,,,,,,,
State House of Representatives - District 101 - Dem,SHD101D,Scott Holcomb (I),142,DEM,7766,,,,,,,,,,,,,,,,,,,,,,,,,,,,,,,,,,,,,,,,,,,,,,,,,,,,,,,,,,,,,,,,,,,,,,,,
State House of Representatives - District 101 - Dem,SHD101D,Total Votes,,,7766,,,,,,,,,,,,,,,,,,,,,,,,,,,,,,,,,,,,,,,,,,,,,,,,,,,,,,,,,,,,,,,,,,,,,,,,
State House of Representatives - District 102/ Para la Cámara de Representantes del Estado Distrito 102 - Dem,SHD102D,Gabe Okoye (I),154,DEM,5416,,,,,,,,,,,,,,,,,,,,,,,,,,,,,,,,,,,,,,,,,,,,,,,,,,,,,,,,,,,,,,,,,,,,,,,,
State House of Representatives - District 102/ Para la Cámara de Representantes del Estado Distrito 102 - Dem,SHD102D,Total Votes,,,5416,,,,,,,,,,,,,,,,,,,,,,,,,,,,,,,,,,,,,,,,,,,,,,,,,,,,,,,,,,,,,,,,,,,,,,,,
State House of Representatives - District 103 - Rep,SHD103R,Soo Hong (I),104,REP,4620,,,,,,,,,,,,,,,,,,,,,,,,,,,,,,,,,,,,,,,,,,,,,,,,,,,,,,,,,,,,,,,,,,,,,,,,
State House of Representatives - District 103 - Rep,SHD103R,Total Votes,,,4620,,,,,,,,,,,,,,,,,,,,,,,,,,,,,,,,,,,,,,,,,,,,,,,,,,,,,,,,,,,,,,,,,,,,,,,,
State House of Representatives - District 103 - Dem,SHD103D,Chris Luchey,105,DEM,4195,,,,,,,,,,,,,,,,,,,,,,,,,,,,,,,,,,,,,,,,,,,,,,,,,,,,,,,,,,,,,,,,,,,,,,,,
State House of Representatives - District 103 - Dem,SHD103D,Total Votes,,,4195,,,,,,,,,,,,,,,,,,,,,,,,,,,,,,,,,,,,,,,,,,,,,,,,,,,,,,,,,,,,,,,,,,,,,,,,
State House of Representatives - District 104 - Rep,SHD104R,Chuck Efstration (I),93,REP,4792,,,,,,,,,,,,,,,,,,,,,,,,,,,,,,,,,,,,,,,,,,,,,,,,,,,,,,,,,,,,,,,,,,,,,,,,
State House of Representatives - District 104 - Rep,SHD104R,Total Votes,,,4792,,,,,,,,,,,,,,,,,,,,,,,,,,,,,,,,,,,,,,,,,,,,,,,,,,,,,,,,,,,,,,,,,,,,,,,,
State House of Representatives - District 105/ Para la Cámara de Representantes del Estado Distrito 105 - Rep,SHD105R,Sandy Donatucci (I),158,REP,3545,,,,,,,,,,,,,,,,,,,,,,,,,,,,,,,,,,,,,,,,,,,,,,,,,,,,,,,,,,,,,,,,,,,,,,,,
State House of Representatives - District 105/ Para la Cámara de Representantes del Estado Distrito 105 - Rep,SHD105R,Total Votes,,,3545,,,,,,,,,,,,,,,,,,,,,,,,,,,,,,,,,,,,,,,,,,,,,,,,,,,,,,,,,,,,,,,,,,,,,,,,
State House of Representatives - District 105/ Para la Cámara de Representantes del Estado Distrito 105 - Dem,SHD105D,Farooq Mughal,159,DEM,5420,,,,,,,,,,,,,,,,,,,,,,,,,,,,,,,,,,,,,,,,,,,,,,,,,,,,,,,,,,,,,,,,,,,,,,,,
State House of Representatives - District 105/ Para la Cámara de Representantes del Estado Distrito 105 - Dem,SHD105D,Total Votes,,,5420,,,,,,,,,,,,,,,,,,,,,,,,,,,,,,,,,,,,,,,,,,,,,,,,,,,,,,,,,,,,,,,,,,,,,,,,
State House of Representatives - District 106/ Para la Cámara de Representantes del Estado Distrito 106 - Dem,SHD106D,Akbar Ali (I),160,DEM,5371,,,,,,,,,,,,,,,,,,,,,,,,,,,,,,,,,,,,,,,,,,,,,,,,,,,,,,,,,,,,,,,,,,,,,,,,
State House of Representatives - District 106/ Para la Cámara de Representantes del Estado Distrito 106 - Dem,SHD106D,Total Votes,,,5371,,,,,,,,,,,,,,,,,,,,,,,,,,,,,,,,,,,,,,,,,,,,,,,,,,,,,,,,,,,,,,,,,,,,,,,,
State House of Representatives - District 107/ Para la Cámara de Representantes del Estado Distrito 107 - Rep,SHD107R,Murray R. Berkowitz,161,REP,2329,,,,,,,,,,,,,,,,,,,,,,,,,,,,,,,,,,,,,,,,,,,,,,,,,,,,,,,,,,,,,,,,,,,,,,,,
State House of Representatives - District 107/ Para la Cámara de Representantes del Estado Distrito 107 - Rep,SHD107R,Total Votes,,,2329,,,,,,,,,,,,,,,,,,,,,,,,,,,,,,,,,,,,,,,,,,,,,,,,,,,,,,,,,,,,,,,,,,,,,,,,
State House of Representatives - District 107/ Para la Cámara de Representantes del Estado Distrito 107 - Dem,SHD107D,Sam Park (I),162,DEM,5522,,,,,,,,,,,,,,,,,,,,,,,,,,,,,,,,,,,,,,,,,,,,,,,,,,,,,,,,,,,,,,,,,,,,,,,,
State House of Representatives - District 107/ Para la Cámara de Representantes del Estado Distrito 107 - Dem,SHD107D,Total Votes,,,5522,,,,,,,,,,,,,,,,,,,,,,,,,,,,,,,,,,,,,,,,,,,,,,,,,,,,,,,,,,,,,,,,,,,,,,,,
State House of Representatives - District 108/ Para la Cámara de Representantes del Estado Distrito 108 - Rep,SHD108R,Elvia Davila,163,REP,3736,,,,,,,,,,,,,,,,,,,,,,,,,,,,,,,,,,,,,,,,,,,,,,,,,,,,,,,,,,,,,,,,,,,,,,,,
State House of Representatives - District 108/ Para la Cámara de Representantes del Estado Distrito 108 - Rep,SHD108R,Total Votes,,,3736,,,,,,,,,,,,,,,,,,,,,,,,,,,,,,,,,,,,,,,,,,,,,,,,,,,,,,,,,,,,,,,,,,,,,,,,
State House of Representatives - District 108/ Para la Cámara de Representantes del Estado Distrito 108 - Dem,SHD108D,Rahim Asani,164,DEM,3611,,,,,,,,,,,,,,,,,,,,,,,,,,,,,,,,,,,,,,,,,,,,,,,,,,,,,,,,,,,,,,,,,,,,,,,,
State House of Representatives - District 108/ Para la Cámara de Representantes del Estado Distrito 108 - Dem,SHD108D,Joshua C. Pressley,165,DEM,3202,,,,,,,,,,,,,,,,,,,,,,,,,,,,,,,,,,,,,,,,,,,,,,,,,,,,,,,,,,,,,,,,,,,,,,,,
State House of Representatives - District 108/ Para la Cámara de Representantes del Estado Distrito 108 - Dem,SHD108D,Total Votes,,,6813,,,,,,,,,,,,,,,,,,,,,,,,,,,,,,,,,,,,,,,,,,,,,,,,,,,,,,,,,,,,,,,,,,,,,,,,
State House of Representatives - District 109/ Para la Cámara de Representantes del Estado Distrito 109 - Dem,SHD109D,Juan Estrada,166,DEM,1982,,,,,,,,,,,,,,,,,,,,,,,,,,,,,,,,,,,,,,,,,,,,,,,,,,,,,,,,,,,,,,,,,,,,,,,,
State House of Representatives - District 109/ Para la Cámara de Representantes del Estado Distrito 109 - Dem,SHD109D,Nico Parra,167,DEM,974,,,,,,,,,,,,,,,,,,,,,,,,,,,,,,,,,,,,,,,,,,,,,,,,,,,,,,,,,,,,,,,,,,,,,,,,
State House of Representatives - District 109/ Para la Cámara de Representantes del Estado Distrito 109 - Dem,SHD109D,Total Votes,,,2956,,,,,,,,,,,,,,,,,,,,,,,,,,,,,,,,,,,,,,,,,,,,,,,,,,,,,,,,,,,,,,,,,,,,,,,,
State House of Representatives - District 110/ Para la Cámara de Representantes del Estado Distrito 110 - Rep,SHD110R,Charles Lollar,169,REP,2582,,,,,,,,,,,,,,,,,,,,,,,,,,,,,,,,,,,,,,,,,,,,,,,,,,,,,,,,,,,,,,,,,,,,,,,,
State House of Representatives - District 110/ Para la Cámara de Representantes del Estado Distrito 110 - Rep,SHD110R,Total Votes,,,2582,,,,,,,,,,,,,,,,,,,,,,,,,,,,,,,,,,,,,,,,,,,,,,,,,,,,,,,,,,,,,,,,,,,,,,,,
State House of Representatives - District 110/ Para la Cámara de Representantes del Estado Distrito 110 - Dem,SHD110D,Segun Adeyina (I),170,DEM,8828,,,,,,,,,,,,,,,,,,,,,,,,,,,,,,,,,,,,,,,,,,,,,,,,,,,,,,,,,,,,,,,,,,,,,,,,
State House of Representatives - District 110/ Para la Cámara de Representantes del Estado Distrito 110 - Dem,SHD110D,Total Votes,,,8828,,,,,,,,,,,,,,,,,,,,,,,,,,,,,,,,,,,,,,,,,,,,,,,,,,,,,,,,,,,,,,,,,,,,,,,,
State House of Representatives - District 111 - Rep,SHD111R,"Reynaldo ""Rey"" Martinez (I)",90,REP,5868,,,,,,,,,,,,,,,,,,,,,,,,,,,,,,,,,,,,,,,,,,,,,,,,,,,,,,,,,,,,,,,,,,,,,,,,
State House of Representatives - District 111 - Rep,SHD111R,Total Votes,,,5868,,,,,,,,,,,,,,,,,,,,,,,,,,,,,,,,,,,,,,,,,,,,,,,,,,,,,,,,,,,,,,,,,,,,,,,,
State House of Representatives - District 111 - Dem,SHD111D,Scott T. Jackson,91,DEM,4747,,,,,,,,,,,,,,,,,,,,,,,,,,,,,,,,,,,,,,,,,,,,,,,,,,,,,,,,,,,,,,,,,,,,,,,,
State House of Representatives - District 111 - Dem,SHD111D,Total Votes,,,4747,,,,,,,,,,,,,,,,,,,,,,,,,,,,,,,,,,,,,,,,,,,,,,,,,,,,,,,,,,,,,,,,,,,,,,,,
State House of Representatives - District 112 - Rep,SHD112R,Bruce Williamson (I),92,REP,7767,,,,,,,,,,,,,,,,,,,,,,,,,,,,,,,,,,,,,,,,,,,,,,,,,,,,,,,,,,,,,,,,,,,,,,,,
State House of Representatives - District 112 - Rep,SHD112R,Total Votes,,,7767,,,,,,,,,,,,,,,,,,,,,,,,,,,,,,,,,,,,,,,,,,,,,,,,,,,,,,,,,,,,,,,,,,,,,,,,
State House of Representatives - District 112 - Dem,SHD112D,Lisa Maria,93,DEM,3630,,,,,,,,,,,,,,,,,,,,,,,,,,,,,,,,,,,,,,,,,,,,,,,,,,,,,,,,,,,,,,,,,,,,,,,,
State House of Representatives - District 112 - Dem,SHD112D,Total Votes,,,3630,,,,,,,,,,,,,,,,,,,,,,,,,,,,,,,,,,,,,,,,,,,,,,,,,,,,,,,,,,,,,,,,,,,,,,,,
State House of Representatives - District 113 - Rep,SHD113R,Don Scarbrough,96,REP,1879,,,,,,,,,,,,,,,,,,,,,,,,,,,,,,,,,,,,,,,,,,,,,,,,,,,,,,,,,,,,,,,,,,,,,,,,
State House of Representatives - District 113 - Rep,SHD113R,Total Votes,,,1879,,,,,,,,,,,,,,,,,,,,,,,,,,,,,,,,,,,,,,,,,,,,,,,,,,,,,,,,,,,,,,,,,,,,,,,,
State House of Representatives - District 113 - Dem,SHD113D,Karla Daniels Hooper,97,DEM,5109,,,,,,,,,,,,,,,,,,,,,,,,,,,,,,,,,,,,,,,,,,,,,,,,,,,,,,,,,,,,,,,,,,,,,,,,
State House of Representatives - District 113 - Dem,SHD113D,Alana Sanders,98,DEM,4341,,,,,,,,,,,,,,,,,,,,,,,,,,,,,,,,,,,,,,,,,,,,,,,,,,,,,,,,,,,,,,,,,,,,,,,,
State House of Representatives - District 113 - Dem,SHD113D,Total Votes,,,9450,,,,,,,,,,,,,,,,,,,,,,,,,,,,,,,,,,,,,,,,,,,,,,,,,,,,,,,,,,,,,,,,,,,,,,,,
State House of Representatives - District 114 - Rep,SHD114R,Brett Mauldin,86,REP,8019,,,,,,,,,,,,,,,,,,,,,,,,,,,,,,,,,,,,,,,,,,,,,,,,,,,,,,,,,,,,,,,,,,,,,,,,
State House of Representatives - District 114 - Rep,SHD114R,Wendell Delano McNeal,87,REP,1994,,,,,,,,,,,,,,,,,,,,,,,,,,,,,,,,,,,,,,,,,,,,,,,,,,,,,,,,,,,,,,,,,,,,,,,,
State House of Representatives - District 114 - Rep,SHD114R,Total Votes,,,10013,,,,,,,,,,,,,,,,,,,,,,,,,,,,,,,,,,,,,,,,,,,,,,,,,,,,,,,,,,,,,,,,,,,,,,,,
State House of Representatives - District 114 - Dem,SHD114D,Michael Caw,88,DEM,4185,,,,,,,,,,,,,,,,,,,,,,,,,,,,,,,,,,,,,,,,,,,,,,,,,,,,,,,,,,,,,,,,,,,,,,,,
State House of Representatives - District 114 - Dem,SHD114D,Total Votes,,,4185,,,,,,,,,,,,,,,,,,,,,,,,,,,,,,,,,,,,,,,,,,,,,,,,,,,,,,,,,,,,,,,,,,,,,,,,
State House of Representatives - District 115 - Rep,SHD115R,Darius L. Francis,143,REP,1511,,,,,,,,,,,,,,,,,,,,,,,,,,,,,,,,,,,,,,,,,,,,,,,,,,,,,,,,,,,,,,,,,,,,,,,,
State House of Representatives - District 115 - Rep,SHD115R,Total Votes,,,1511,,,,,,,,,,,,,,,,,,,,,,,,,,,,,,,,,,,,,,,,,,,,,,,,,,,,,,,,,,,,,,,,,,,,,,,,
State House of Representatives - District 115 - Dem,SHD115D,Regina Lewis-Ward (I),144,DEM,15289,,,,,,,,,,,,,,,,,,,,,,,,,,,,,,,,,,,,,,,,,,,,,,,,,,,,,,,,,,,,,,,,,,,,,,,,
State House of Representatives - District 115 - Dem,SHD115D,Total Votes,,,15289,,,,,,,,,,,,,,,,,,,,,,,,,,,,,,,,,,,,,,,,,,,,,,,,,,,,,,,,,,,,,,,,,,,,,,,,
State House of Representatives - District 116 - Rep,SHD116R,Samie Lee Conyers,145,REP,1218,,,,,,,,,,,,,,,,,,,,,,,,,,,,,,,,,,,,,,,,,,,,,,,,,,,,,,,,,,,,,,,,,,,,,,,,
State House of Representatives - District 116 - Rep,SHD116R,Total Votes,,,1218,,,,,,,,,,,,,,,,,,,,,,,,,,,,,,,,,,,,,,,,,,,,,,,,,,,,,,,,,,,,,,,,,,,,,,,,
State House of Representatives - District 116 - Dem,SHD116D,El-Mahdi Holly (I),146,DEM,11697,,,,,,,,,,,,,,,,,,,,,,,,,,,,,,,,,,,,,,,,,,,,,,,,,,,,,,,,,,,,,,,,,,,,,,,,
State House of Representatives - District 116 - Dem,SHD116D,Total Votes,,,11697,,,,,,,,,,,,,,,,,,,,,,,,,,,,,,,,,,,,,,,,,,,,,,,,,,,,,,,,,,,,,,,,,,,,,,,,
State House of Representatives - District 117 - Dem,SHD117D,Tony Brown,112,DEM,1029,,,,,,,,,,,,,,,,,,,,,,,,,,,,,,,,,,,,,,,,,,,,,,,,,,,,,,,,,,,,,,,,,,,,,,,,
State House of Representatives - District 117 - Dem,SHD117D,Mary Ann Santos (I),113,DEM,2490,,,,,,,,,,,,,,,,,,,,,,,,,,,,,,,,,,,,,,,,,,,,,,,,,,,,,,,,,,,,,,,,,,,,,,,,
State House of Representatives - District 117 - Dem,SHD117D,Kim Thomas Smith,114,DEM,2814,,,,,,,,,,,,,,,,,,,,,,,,,,,,,,,,,,,,,,,,,,,,,,,,,,,,,,,,,,,,,,,,,,,,,,,,
State House of Representatives - District 117 - Dem,SHD117D,Tiffany N. Walker,115,DEM,1650,,,,,,,,,,,,,,,,,,,,,,,,,,,,,,,,,,,,,,,,,,,,,,,,,,,,,,,,,,,,,,,,,,,,,,,,
State House of Representatives - District 117 - Dem,SHD117D,Vincent Williams,116,DEM,1417,,,,,,,,,,,,,,,,,,,,,,,,,,,,,,,,,,,,,,,,,,,,,,,,,,,,,,,,,,,,,,,,,,,,,,,,
State House of Representatives - District 117 - Dem,SHD117D,Total Votes,,,9400,,,,,,,,,,,,,,,,,,,,,,,,,,,,,,,,,,,,,,,,,,,,,,,,,,,,,,,,,,,,,,,,,,,,,,,,
State House of Representatives - District 118 - Rep,SHD118R,Clint Crowe (I),86,REP,7773,,,,,,,,,,,,,,,,,,,,,,,,,,,,,,,,,,,,,,,,,,,,,,,,,,,,,,,,,,,,,,,,,,,,,,,,
State House of Representatives - District 118 - Rep,SHD118R,Total Votes,,,7773,,,,,,,,,,,,,,,,,,,,,,,,,,,,,,,,,,,,,,,,,,,,,,,,,,,,,,,,,,,,,,,,,,,,,,,,
State House of Representatives - District 118 - Dem,SHD118D,Sharonda Bell,87,DEM,3631,,,,,,,,,,,,,,,,,,,,,,,,,,,,,,,,,,,,,,,,,,,,,,,,,,,,,,,,,,,,,,,,,,,,,,,,
State House of Representatives - District 118 - Dem,SHD118D,Jodi Lewis,88,DEM,1140,,,,,,,,,,,,,,,,,,,,,,,,,,,,,,,,,,,,,,,,,,,,,,,,,,,,,,,,,,,,,,,,,,,,,,,,
State House of Representatives - District 118 - Dem,SHD118D,Total Votes,,,4771,,,,,,,,,,,,,,,,,,,,,,,,,,,,,,,,,,,,,,,,,,,,,,,,,,,,,,,,,,,,,,,,,,,,,,,,
State House of Representatives - District 119 - Rep,SHD119R,Holt Persinger (I),94,REP,6292,,,,,,,,,,,,,,,,,,,,,,,,,,,,,,,,,,,,,,,,,,,,,,,,,,,,,,,,,,,,,,,,,,,,,,,,
State House of Representatives - District 119 - Rep,SHD119R,Total Votes,,,6292,,,,,,,,,,,,,,,,,,,,,,,,,,,,,,,,,,,,,,,,,,,,,,,,,,,,,,,,,,,,,,,,,,,,,,,,
State House of Representatives - District 119 - Dem,SHD119D,Catherine Morris,95,DEM,2569,,,,,,,,,,,,,,,,,,,,,,,,,,,,,,,,,,,,,,,,,,,,,,,,,,,,,,,,,,,,,,,,,,,,,,,,
State House of Representatives - District 119 - Dem,SHD119D,Total Votes,,,2569,,,,,,,,,,,,,,,,,,,,,,,,,,,,,,,,,,,,,,,,,,,,,,,,,,,,,,,,,,,,,,,,,,,,,,,,
State House of Representatives - District 120 - Rep,SHD120R,"Gary ""Ward"" Black, Jr.",96,REP,4007,,,,,,,,,,,,,,,,,,,,,,,,,,,,,,,,,,,,,,,,,,,,,,,,,,,,,,,,,,,,,,,,,,,,,,,,
State House of Representatives - District 120 - Rep,SHD120R,Chad Paton,97,REP,2856,,,,,,,,,,,,,,,,,,,,,,,,,,,,,,,,,,,,,,,,,,,,,,,,,,,,,,,,,,,,,,,,,,,,,,,,
State House of Representatives - District 120 - Rep,SHD120R,Total Votes,,,6863,,,,,,,,,,,,,,,,,,,,,,,,,,,,,,,,,,,,,,,,,,,,,,,,,,,,,,,,,,,,,,,,,,,,,,,,
State House of Representatives - District 120 - Dem,SHD120D,Suzanna Karatassos,98,DEM,5304,,,,,,,,,,,,,,,,,,,,,,,,,,,,,,,,,,,,,,,,,,,,,,,,,,,,,,,,,,,,,,,,,,,,,,,,
State House of Representatives - District 120 - Dem,SHD120D,Total Votes,,,5304,,,,,,,,,,,,,,,,,,,,,,,,,,,,,,,,,,,,,,,,,,,,,,,,,,,,,,,,,,,,,,,,,,,,,,,,
State House of Representatives - District 121 - Rep,SHD121R,"Mack ""Dutch"" Guest IV",94,REP,7554,,,,,,,,,,,,,,,,,,,,,,,,,,,,,,,,,,,,,,,,,,,,,,,,,,,,,,,,,,,,,,,,,,,,,,,,
State House of Representatives - District 121 - Rep,SHD121R,Total Votes,,,7554,,,,,,,,,,,,,,,,,,,,,,,,,,,,,,,,,,,,,,,,,,,,,,,,,,,,,,,,,,,,,,,,,,,,,,,,
State House of Representatives - District 121 - Dem,SHD121D,Eric Gisler (I),95,DEM,5908,,,,,,,,,,,,,,,,,,,,,,,,,,,,,,,,,,,,,,,,,,,,,,,,,,,,,,,,,,,,,,,,,,,,,,,,
State House of Representatives - District 121 - Dem,SHD121D,Total Votes,,,5908,,,,,,,,,,,,,,,,,,,,,,,,,,,,,,,,,,,,,,,,,,,,,,,,,,,,,,,,,,,,,,,,,,,,,,,,
State House of Representatives - District 122 - Rep,SHD122R,Carol Hubbard,96,REP,1112,,,,,,,,,,,,,,,,,,,,,,,,,,,,,,,,,,,,,,,,,,,,,,,,,,,,,,,,,,,,,,,,,,,,,,,,
State House of Representatives - District 122 - Rep,SHD122R,Total Votes,,,1112,,,,,,,,,,,,,,,,,,,,,,,,,,,,,,,,,,,,,,,,,,,,,,,,,,,,,,,,,,,,,,,,,,,,,,,,
State House of Representatives - District 122 - Dem,SHD122D,Spencer Frye (I),97,DEM,6433,,,,,,,,,,,,,,,,,,,,,,,,,,,,,,,,,,,,,,,,,,,,,,,,,,,,,,,,,,,,,,,,,,,,,,,,
State House of Representatives - District 122 - Dem,SHD122D,Total Votes,,,6433,,,,,,,,,,,,,,,,,,,,,,,,,,,,,,,,,,,,,,,,,,,,,,,,,,,,,,,,,,,,,,,,,,,,,,,,
State House of Representatives - District 123 - Rep,SHD123R,Rob Leverett (I),90,REP,7536,,,,,,,,,,,,,,,,,,,,,,,,,,,,,,,,,,,,,,,,,,,,,,,,,,,,,,,,,,,,,,,,,,,,,,,,
State House of Representatives - District 123 - Rep,SHD123R,Total Votes,,,7536,,,,,,,,,,,,,,,,,,,,,,,,,,,,,,,,,,,,,,,,,,,,,,,,,,,,,,,,,,,,,,,,,,,,,,,,
State House of Representatives - District 123 - Dem,SHD123D,Hope S. Beard,91,DEM,3205,,,,,,,,,,,,,,,,,,,,,,,,,,,,,,,,,,,,,,,,,,,,,,,,,,,,,,,,,,,,,,,,,,,,,,,,
State House of Representatives - District 123 - Dem,SHD123D,Total Votes,,,3205,,,,,,,,,,,,,,,,,,,,,,,,,,,,,,,,,,,,,,,,,,,,,,,,,,,,,,,,,,,,,,,,,,,,,,,,
State House of Representatives - District 124 - Rep,SHD124R,Trey Rhodes (I),98,REP,9202,,,,,,,,,,,,,,,,,,,,,,,,,,,,,,,,,,,,,,,,,,,,,,,,,,,,,,,,,,,,,,,,,,,,,,,,
State House of Representatives - District 124 - Rep,SHD124R,Total Votes,,,9202,,,,,,,,,,,,,,,,,,,,,,,,,,,,,,,,,,,,,,,,,,,,,,,,,,,,,,,,,,,,,,,,,,,,,,,,
State House of Representatives - District 124 - Dem,SHD124D,Melanie Michele Miller,99,DEM,5139,,,,,,,,,,,,,,,,,,,,,,,,,,,,,,,,,,,,,,,,,,,,,,,,,,,,,,,,,,,,,,,,,,,,,,,,
State House of Representatives - District 124 - Dem,SHD124D,Total Votes,,,5139,,,,,,,,,,,,,,,,,,,,,,,,,,,,,,,,,,,,,,,,,,,,,,,,,,,,,,,,,,,,,,,,,,,,,,,,
State House of Representatives - District 125 - Rep,SHD125R,Gary Richardson (I),92,REP,6624,,,,,,,,,,,,,,,,,,,,,,,,,,,,,,,,,,,,,,,,,,,,,,,,,,,,,,,,,,,,,,,,,,,,,,,,
State House of Representatives - District 125 - Rep,SHD125R,Total Votes,,,6624,,,,,,,,,,,,,,,,,,,,,,,,,,,,,,,,,,,,,,,,,,,,,,,,,,,,,,,,,,,,,,,,,,,,,,,,
State House of Representatives - District 125 - Dem,SHD125D,Leonard Hennessy,93,DEM,4282,,,,,,,,,,,,,,,,,,,,,,,,,,,,,,,,,,,,,,,,,,,,,,,,,,,,,,,,,,,,,,,,,,,,,,,,
State House of Representatives - District 125 - Dem,SHD125D,Total Votes,,,4282,,,,,,,,,,,,,,,,,,,,,,,,,,,,,,,,,,,,,,,,,,,,,,,,,,,,,,,,,,,,,,,,,,,,,,,,
State House of Representatives - District 126 - Rep,SHD126R,William C. Harris,121,REP,3027,,,,,,,,,,,,,,,,,,,,,,,,,,,,,,,,,,,,,,,,,,,,,,,,,,,,,,,,,,,,,,,,,,,,,,,,
State House of Representatives - District 126 - Rep,SHD126R,Total Votes,,,3027,,,,,,,,,,,,,,,,,,,,,,,,,,,,,,,,,,,,,,,,,,,,,,,,,,,,,,,,,,,,,,,,,,,,,,,,
State House of Representatives - District 126 - Dem,SHD126D,L.C. Myles Jr. (I),120,DEM,7919,,,,,,,,,,,,,,,,,,,,,,,,,,,,,,,,,,,,,,,,,,,,,,,,,,,,,,,,,,,,,,,,,,,,,,,,
State House of Representatives - District 126 - Dem,SHD126D,Total Votes,,,7919,,,,,,,,,,,,,,,,,,,,,,,,,,,,,,,,,,,,,,,,,,,,,,,,,,,,,,,,,,,,,,,,,,,,,,,,
State House of Representatives - District 127 - Rep,SHD127R,Mark Newton (I),94,REP,7030,,,,,,,,,,,,,,,,,,,,,,,,,,,,,,,,,,,,,,,,,,,,,,,,,,,,,,,,,,,,,,,,,,,,,,,,
State House of Representatives - District 127 - Rep,SHD127R,Total Votes,,,7030,,,,,,,,,,,,,,,,,,,,,,,,,,,,,,,,,,,,,,,,,,,,,,,,,,,,,,,,,,,,,,,,,,,,,,,,
State House of Representatives - District 127 - Dem,SHD127D,Channing Von-T Taylor,95,DEM,3897,,,,,,,,,,,,,,,,,,,,,,,,,,,,,,,,,,,,,,,,,,,,,,,,,,,,,,,,,,,,,,,,,,,,,,,,
State House of Representatives - District 127 - Dem,SHD127D,Total Votes,,,3897,,,,,,,,,,,,,,,,,,,,,,,,,,,,,,,,,,,,,,,,,,,,,,,,,,,,,,,,,,,,,,,,,,,,,,,,
State House of Representatives - District 128 - Rep,SHD128R,Trey Sheppard,131,REP,4807,,,,,,,,,,,,,,,,,,,,,,,,,,,,,,,,,,,,,,,,,,,,,,,,,,,,,,,,,,,,,,,,,,,,,,,,
State House of Representatives - District 128 - Rep,SHD128R,Total Votes,,,4807,,,,,,,,,,,,,,,,,,,,,,,,,,,,,,,,,,,,,,,,,,,,,,,,,,,,,,,,,,,,,,,,,,,,,,,,
State House of Representatives - District 128 - Dem,SHD128D,Tyrone A. Evans,132,DEM,3779,,,,,,,,,,,,,,,,,,,,,,,,,,,,,,,,,,,,,,,,,,,,,,,,,,,,,,,,,,,,,,,,,,,,,,,,
State House of Representatives - District 128 - Dem,SHD128D,Rameriz Lewis,133,DEM,2472,,,,,,,,,,,,,,,,,,,,,,,,,,,,,,,,,,,,,,,,,,,,,,,,,,,,,,,,,,,,,,,,,,,,,,,,
State House of Representatives - District 128 - Dem,SHD128D,Total Votes,,,6251,,,,,,,,,,,,,,,,,,,,,,,,,,,,,,,,,,,,,,,,,,,,,,,,,,,,,,,,,,,,,,,,,,,,,,,,
State House of Representatives - District 129 - Dem,SHD129D,Scott Cambers,92,DEM,1202,,,,,,,,,,,,,,,,,,,,,,,,,,,,,,,,,,,,,,,,,,,,,,,,,,,,,,,,,,,,,,,,,,,,,,,,
State House of Representatives - District 129 - Dem,SHD129D,Karlton L. Howard (I),93,DEM,4478,,,,,,,,,,,,,,,,,,,,,,,,,,,,,,,,,,,,,,,,,,,,,,,,,,,,,,,,,,,,,,,,,,,,,,,,
State House of Representatives - District 129 - Dem,SHD129D,Total Votes,,,5680,,,,,,,,,,,,,,,,,,,,,,,,,,,,,,,,,,,,,,,,,,,,,,,,,,,,,,,,,,,,,,,,,,,,,,,,
State House of Representatives - District 130 - Rep,SHD130R,David Carson,94,REP,1208,,,,,,,,,,,,,,,,,,,,,,,,,,,,,,,,,,,,,,,,,,,,,,,,,,,,,,,,,,,,,,,,,,,,,,,,
State House of Representatives - District 130 - Rep,SHD130R,Thomas D. McAdams,95,REP,944,,,,,,,,,,,,,,,,,,,,,,,,,,,,,,,,,,,,,,,,,,,,,,,,,,,,,,,,,,,,,,,,,,,,,,,,
State House of Representatives - District 130 - Rep,SHD130R,Total Votes,,,2152,,,,,,,,,,,,,,,,,,,,,,,,,,,,,,,,,,,,,,,,,,,,,,,,,,,,,,,,,,,,,,,,,,,,,,,,
State House of Representatives - District 130 - Dem,SHD130D,Sha'Qunta Q. Calles,96,DEM,1839,,,,,,,,,,,,,,,,,,,,,,,,,,,,,,,,,,,,,,,,,,,,,,,,,,,,,,,,,,,,,,,,,,,,,,,,
State House of Representatives - District 130 - Dem,SHD130D,Karen Gordon,97,DEM,1323,,,,,,,,,,,,,,,,,,,,,,,,,,,,,,,,,,,,,,,,,,,,,,,,,,,,,,,,,,,,,,,,,,,,,,,,
State House of Representatives - District 130 - Dem,SHD130D,Sheila Clark Nelson,98,DEM,3603,,,,,,,,,,,,,,,,,,,,,,,,,,,,,,,,,,,,,,,,,,,,,,,,,,,,,,,,,,,,,,,,,,,,,,,,
State House of Representatives - District 130 - Dem,SHD130D,LaFawn Pinkney-Mealing,99,DEM,395,,,,,,,,,,,,,,,,,,,,,,,,,,,,,,,,,,,,,,,,,,,,,,,,,,,,,,,,,,,,,,,,,,,,,,,,
State House of Representatives - District 130 - Dem,SHD130D,Total Votes,,,7160,,,,,,,,,,,,,,,,,,,,,,,,,,,,,,,,,,,,,,,,,,,,,,,,,,,,,,,,,,,,,,,,,,,,,,,,
State House of Representatives - District 131 - Rep,SHD131R,Rob Clifton (I),96,REP,6754,,,,,,,,,,,,,,,,,,,,,,,,,,,,,,,,,,,,,,,,,,,,,,,,,,,,,,,,,,,,,,,,,,,,,,,,
State House of Representatives - District 131 - Rep,SHD131R,Total Votes,,,6754,,,,,,,,,,,,,,,,,,,,,,,,,,,,,,,,,,,,,,,,,,,,,,,,,,,,,,,,,,,,,,,,,,,,,,,,
State House of Representatives - District 131 - Dem,SHD131D,Jenny E. Eppard,97,DEM,4043,,,,,,,,,,,,,,,,,,,,,,,,,,,,,,,,,,,,,,,,,,,,,,,,,,,,,,,,,,,,,,,,,,,,,,,,
State House of Representatives - District 131 - Dem,SHD131D,Total Votes,,,4043,,,,,,,,,,,,,,,,,,,,,,,,,,,,,,,,,,,,,,,,,,,,,,,,,,,,,,,,,,,,,,,,,,,,,,,,
State House of Representatives - District 132 - Dem,SHD132D,Brian L. Prince (I),151,DEM,7384,,,,,,,,,,,,,,,,,,,,,,,,,,,,,,,,,,,,,,,,,,,,,,,,,,,,,,,,,,,,,,,,,,,,,,,,
State House of Representatives - District 132 - Dem,SHD132D,Total Votes,,,7384,,,,,,,,,,,,,,,,,,,,,,,,,,,,,,,,,,,,,,,,,,,,,,,,,,,,,,,,,,,,,,,,,,,,,,,,
State House of Representatives - District 133 - Rep,SHD133R,Danny Mathis (I),142,REP,4723,,,,,,,,,,,,,,,,,,,,,,,,,,,,,,,,,,,,,,,,,,,,,,,,,,,,,,,,,,,,,,,,,,,,,,,,
State House of Representatives - District 133 - Rep,SHD133R,Robert Pruitt,121,REP,3078,,,,,,,,,,,,,,,,,,,,,,,,,,,,,,,,,,,,,,,,,,,,,,,,,,,,,,,,,,,,,,,,,,,,,,,,
State House of Representatives - District 133 - Rep,SHD133R,Total Votes,,,7801,,,,,,,,,,,,,,,,,,,,,,,,,,,,,,,,,,,,,,,,,,,,,,,,,,,,,,,,,,,,,,,,,,,,,,,,
State House of Representatives - District 134 - Rep,SHD134R,Robert Dickey (I),81,REP,6974,,,,,,,,,,,,,,,,,,,,,,,,,,,,,,,,,,,,,,,,,,,,,,,,,,,,,,,,,,,,,,,,,,,,,,,,
State House of Representatives - District 134 - Rep,SHD134R,Total Votes,,,6974,,,,,,,,,,,,,,,,,,,,,,,,,,,,,,,,,,,,,,,,,,,,,,,,,,,,,,,,,,,,,,,,,,,,,,,,
State House of Representatives - District 135 - Rep,SHD135R,Beth Camp (I),84,REP,8612,,,,,,,,,,,,,,,,,,,,,,,,,,,,,,,,,,,,,,,,,,,,,,,,,,,,,,,,,,,,,,,,,,,,,,,,
State House of Representatives - District 135 - Rep,SHD135R,Total Votes,,,8612,,,,,,,,,,,,,,,,,,,,,,,,,,,,,,,,,,,,,,,,,,,,,,,,,,,,,,,,,,,,,,,,,,,,,,,,
State House of Representatives - District 136 - Rep,SHD136R,David Jenkins (I),91,REP,6676,,,,,,,,,,,,,,,,,,,,,,,,,,,,,,,,,,,,,,,,,,,,,,,,,,,,,,,,,,,,,,,,,,,,,,,,
State House of Representatives - District 136 - Rep,SHD136R,Total Votes,,,6676,,,,,,,,,,,,,,,,,,,,,,,,,,,,,,,,,,,,,,,,,,,,,,,,,,,,,,,,,,,,,,,,,,,,,,,,
State House of Representatives - District 137 - Dem,SHD137D,Debbie G. Buckner (I),83,DEM,7395,,,,,,,,,,,,,,,,,,,,,,,,,,,,,,,,,,,,,,,,,,,,,,,,,,,,,,,,,,,,,,,,,,,,,,,,
State House of Representatives - District 137 - Dem,SHD137D,Total Votes,,,7395,,,,,,,,,,,,,,,,,,,,,,,,,,,,,,,,,,,,,,,,,,,,,,,,,,,,,,,,,,,,,,,,,,,,,,,,
State House of Representatives - District 138 - Rep,SHD138R,Vance Smith (I),82,REP,8152,,,,,,,,,,,,,,,,,,,,,,,,,,,,,,,,,,,,,,,,,,,,,,,,,,,,,,,,,,,,,,,,,,,,,,,,
State House of Representatives - District 138 - Rep,SHD138R,Total Votes,,,8152,,,,,,,,,,,,,,,,,,,,,,,,,,,,,,,,,,,,,,,,,,,,,,,,,,,,,,,,,,,,,,,,,,,,,,,,
State House of Representatives - District 138 - Dem,SHD138D,Cyndie Hutchings,83,DEM,3394,,,,,,,,,,,,,,,,,,,,,,,,,,,,,,,,,,,,,,,,,,,,,,,,,,,,,,,,,,,,,,,,,,,,,,,,
State House of Representatives - District 138 - Dem,SHD138D,Total Votes,,,3394,,,,,,,,,,,,,,,,,,,,,,,,,,,,,,,,,,,,,,,,,,,,,,,,,,,,,,,,,,,,,,,,,,,,,,,,
State House of Representatives - District 139 - Rep,SHD139R,Carmen Rice (I),84,REP,5868,,,,,,,,,,,,,,,,,,,,,,,,,,,,,,,,,,,,,,,,,,,,,,,,,,,,,,,,,,,,,,,,,,,,,,,,
State House of Representatives - District 139 - Rep,SHD139R,Total Votes,,,5868,,,,,,,,,,,,,,,,,,,,,,,,,,,,,,,,,,,,,,,,,,,,,,,,,,,,,,,,,,,,,,,,,,,,,,,,
State House of Representatives - District 139 - Dem,SHD139D,Elliot Valdez,85,DEM,4591,,,,,,,,,,,,,,,,,,,,,,,,,,,,,,,,,,,,,,,,,,,,,,,,,,,,,,,,,,,,,,,,,,,,,,,,
State House of Representatives - District 139 - Dem,SHD139D,Total Votes,,,4591,,,,,,,,,,,,,,,,,,,,,,,,,,,,,,,,,,,,,,,,,,,,,,,,,,,,,,,,,,,,,,,,,,,,,,,,
State House of Representatives - District 140 - Rep,SHD140R,Edward Kvietkus,93,REP,917,,,,,,,,,,,,,,,,,,,,,,,,,,,,,,,,,,,,,,,,,,,,,,,,,,,,,,,,,,,,,,,,,,,,,,,,
State House of Representatives - District 140 - Rep,SHD140R,Total Votes,,,917,,,,,,,,,,,,,,,,,,,,,,,,,,,,,,,,,,,,,,,,,,,,,,,,,,,,,,,,,,,,,,,,,,,,,,,,
State House of Representatives - District 140 - Dem,SHD140D,"Marquese ""Skinny"" Averett",94,DEM,4205,,,,,,,,,,,,,,,,,,,,,,,,,,,,,,,,,,,,,,,,,,,,,,,,,,,,,,,,,,,,,,,,,,,,,,,,
State House of Representatives - District 140 - Dem,SHD140D,Total Votes,,,4205,,,,,,,,,,,,,,,,,,,,,,,,,,,,,,,,,,,,,,,,,,,,,,,,,,,,,,,,,,,,,,,,,,,,,,,,
State House of Representatives - District 141 - Rep,SHD141R,Reggie Liparoto,95,REP,1570,,,,,,,,,,,,,,,,,,,,,,,,,,,,,,,,,,,,,,,,,,,,,,,,,,,,,,,,,,,,,,,,,,,,,,,,
State House of Representatives - District 141 - Rep,SHD141R,Total Votes,,,1570,,,,,,,,,,,,,,,,,,,,,,,,,,,,,,,,,,,,,,,,,,,,,,,,,,,,,,,,,,,,,,,,,,,,,,,,
State House of Representatives - District 141 - Dem,SHD141D,Carolyn F. Hugley (I),96,DEM,7660,,,,,,,,,,,,,,,,,,,,,,,,,,,,,,,,,,,,,,,,,,,,,,,,,,,,,,,,,,,,,,,,,,,,,,,,
State House of Representatives - District 141 - Dem,SHD141D,Total Votes,,,7660,,,,,,,,,,,,,,,,,,,,,,,,,,,,,,,,,,,,,,,,,,,,,,,,,,,,,,,,,,,,,,,,,,,,,,,,
State House of Representatives - District 142 - Rep,SHD142R,Calvin Palmer,88,REP,3512,,,,,,,,,,,,,,,,,,,,,,,,,,,,,,,,,,,,,,,,,,,,,,,,,,,,,,,,,,,,,,,,,,,,,,,,
State House of Representatives - District 142 - Rep,SHD142R,Total Votes,,,3512,,,,,,,,,,,,,,,,,,,,,,,,,,,,,,,,,,,,,,,,,,,,,,,,,,,,,,,,,,,,,,,,,,,,,,,,
State House of Representatives - District 142 - Dem,SHD142D,Miriam Paris (I),89,DEM,5073,,,,,,,,,,,,,,,,,,,,,,,,,,,,,,,,,,,,,,,,,,,,,,,,,,,,,,,,,,,,,,,,,,,,,,,,
State House of Representatives - District 142 - Dem,SHD142D,George Thomas,90,DEM,1728,,,,,,,,,,,,,,,,,,,,,,,,,,,,,,,,,,,,,,,,,,,,,,,,,,,,,,,,,,,,,,,,,,,,,,,,
State House of Representatives - District 142 - Dem,SHD142D,Total Votes,,,6801,,,,,,,,,,,,,,,,,,,,,,,,,,,,,,,,,,,,,,,,,,,,,,,,,,,,,,,,,,,,,,,,,,,,,,,,
State House of Representatives - District 143 - Dem,SHD143D,Anissa M. Jones (I),91,DEM,5349,,,,,,,,,,,,,,,,,,,,,,,,,,,,,,,,,,,,,,,,,,,,,,,,,,,,,,,,,,,,,,,,,,,,,,,,
State House of Representatives - District 143 - Dem,SHD143D,Total Votes,,,5349,,,,,,,,,,,,,,,,,,,,,,,,,,,,,,,,,,,,,,,,,,,,,,,,,,,,,,,,,,,,,,,,,,,,,,,,
State House of Representatives - District 144 - Rep,SHD144R,Dale Washburn (I),92,REP,9223,,,,,,,,,,,,,,,,,,,,,,,,,,,,,,,,,,,,,,,,,,,,,,,,,,,,,,,,,,,,,,,,,,,,,,,,
State House of Representatives - District 144 - Rep,SHD144R,Total Votes,,,9223,,,,,,,,,,,,,,,,,,,,,,,,,,,,,,,,,,,,,,,,,,,,,,,,,,,,,,,,,,,,,,,,,,,,,,,,
State House of Representatives - District 145 - Rep,SHD145R,Eric S. Wilson,93,REP,4709,,,,,,,,,,,,,,,,,,,,,,,,,,,,,,,,,,,,,,,,,,,,,,,,,,,,,,,,,,,,,,,,,,,,,,,,
State House of Representatives - District 145 - Rep,SHD145R,Total Votes,,,4709,,,,,,,,,,,,,,,,,,,,,,,,,,,,,,,,,,,,,,,,,,,,,,,,,,,,,,,,,,,,,,,,,,,,,,,,
State House of Representatives - District 145 - Dem,SHD145D,Tangie Herring (I),94,DEM,5977,,,,,,,,,,,,,,,,,,,,,,,,,,,,,,,,,,,,,,,,,,,,,,,,,,,,,,,,,,,,,,,,,,,,,,,,
State House of Representatives - District 145 - Dem,SHD145D,Total Votes,,,5977,,,,,,,,,,,,,,,,,,,,,,,,,,,,,,,,,,,,,,,,,,,,,,,,,,,,,,,,,,,,,,,,,,,,,,,,
State House of Representatives - District 146 - Rep,SHD146R,Shaw Blackmon (I),91,REP,6057,,,,,,,,,,,,,,,,,,,,,,,,,,,,,,,,,,,,,,,,,,,,,,,,,,,,,,,,,,,,,,,,,,,,,,,,
State House of Representatives - District 146 - Rep,SHD146R,Total Votes,,,6057,,,,,,,,,,,,,,,,,,,,,,,,,,,,,,,,,,,,,,,,,,,,,,,,,,,,,,,,,,,,,,,,,,,,,,,,
State House of Representatives - District 147 - Rep,SHD147R,Bethany Ballard (I),92,REP,4466,,,,,,,,,,,,,,,,,,,,,,,,,,,,,,,,,,,,,,,,,,,,,,,,,,,,,,,,,,,,,,,,,,,,,,,,
State House of Representatives - District 147 - Rep,SHD147R,Total Votes,,,4466,,,,,,,,,,,,,,,,,,,,,,,,,,,,,,,,,,,,,,,,,,,,,,,,,,,,,,,,,,,,,,,,,,,,,,,,
State House of Representatives - District 147 - Dem,SHD147D,Renita A. Duncan,93,DEM,4228,,,,,,,,,,,,,,,,,,,,,,,,,,,,,,,,,,,,,,,,,,,,,,,,,,,,,,,,,,,,,,,,,,,,,,,,
State House of Representatives - District 147 - Dem,SHD147D,Tim Riley,94,DEM,984,,,,,,,,,,,,,,,,,,,,,,,,,,,,,,,,,,,,,,,,,,,,,,,,,,,,,,,,,,,,,,,,,,,,,,,,
State House of Representatives - District 147 - Dem,SHD147D,Total Votes,,,5212,,,,,,,,,,,,,,,,,,,,,,,,,,,,,,,,,,,,,,,,,,,,,,,,,,,,,,,,,,,,,,,,,,,,,,,,
State House of Representatives - District 148 - Rep,SHD148R,"Noel W. Williams, Jr. (I)",81,REP,6486,,,,,,,,,,,,,,,,,,,,,,,,,,,,,,,,,,,,,,,,,,,,,,,,,,,,,,,,,,,,,,,,,,,,,,,,
State House of Representatives - District 148 - Rep,SHD148R,Total Votes,,,6486,,,,,,,,,,,,,,,,,,,,,,,,,,,,,,,,,,,,,,,,,,,,,,,,,,,,,,,,,,,,,,,,,,,,,,,,
State House of Representatives - District 148 - Dem,SHD148D,Lillie Bryant,82,DEM,867,,,,,,,,,,,,,,,,,,,,,,,,,,,,,,,,,,,,,,,,,,,,,,,,,,,,,,,,,,,,,,,,,,,,,,,,
State House of Representatives - District 148 - Dem,SHD148D,Cynthia Johnson,83,DEM,2166,,,,,,,,,,,,,,,,,,,,,,,,,,,,,,,,,,,,,,,,,,,,,,,,,,,,,,,,,,,,,,,,,,,,,,,,
State House of Representatives - District 148 - Dem,SHD148D,Total Votes,,,3033,,,,,,,,,,,,,,,,,,,,,,,,,,,,,,,,,,,,,,,,,,,,,,,,,,,,,,,,,,,,,,,,,,,,,,,,
State House of Representatives - District 149 - Rep,SHD149R,Randy Peters,134,REP,3166,,,,,,,,,,,,,,,,,,,,,,,,,,,,,,,,,,,,,,,,,,,,,,,,,,,,,,,,,,,,,,,,,,,,,,,,
State House of Representatives - District 149 - Rep,SHD149R,Total Votes,,,3166,,,,,,,,,,,,,,,,,,,,,,,,,,,,,,,,,,,,,,,,,,,,,,,,,,,,,,,,,,,,,,,,,,,,,,,,
State House of Representatives - District 149 - Dem,SHD149D,Floyd Griffin (I),135,DEM,4877,,,,,,,,,,,,,,,,,,,,,,,,,,,,,,,,,,,,,,,,,,,,,,,,,,,,,,,,,,,,,,,,,,,,,,,,
State House of Representatives - District 149 - Dem,SHD149D,Ross Sheppard,136,DEM,1220,,,,,,,,,,,,,,,,,,,,,,,,,,,,,,,,,,,,,,,,,,,,,,,,,,,,,,,,,,,,,,,,,,,,,,,,
State House of Representatives - District 149 - Dem,SHD149D,Total Votes,,,6097,,,,,,,,,,,,,,,,,,,,,,,,,,,,,,,,,,,,,,,,,,,,,,,,,,,,,,,,,,,,,,,,,,,,,,,,
State House of Representatives - District 150 - Rep,SHD150R,Cary Moore,82,REP,3433,,,,,,,,,,,,,,,,,,,,,,,,,,,,,,,,,,,,,,,,,,,,,,,,,,,,,,,,,,,,,,,,,,,,,,,,
State House of Representatives - District 150 - Rep,SHD150R,Total Votes,,,3433,,,,,,,,,,,,,,,,,,,,,,,,,,,,,,,,,,,,,,,,,,,,,,,,,,,,,,,,,,,,,,,,,,,,,,,,
State House of Representatives - District 150 - Dem,SHD150D,Patty Bentley Stinson (I),83,DEM,4723,,,,,,,,,,,,,,,,,,,,,,,,,,,,,,,,,,,,,,,,,,,,,,,,,,,,,,,,,,,,,,,,,,,,,,,,
State House of Representatives - District 150 - Dem,SHD150D,Total Votes,,,4723,,,,,,,,,,,,,,,,,,,,,,,,,,,,,,,,,,,,,,,,,,,,,,,,,,,,,,,,,,,,,,,,,,,,,,,,
State House of Representatives - District 151 - Rep,SHD151R,Mike Cheokas (I),84,REP,4408,,,,,,,,,,,,,,,,,,,,,,,,,,,,,,,,,,,,,,,,,,,,,,,,,,,,,,,,,,,,,,,,,,,,,,,,
State House of Representatives - District 151 - Rep,SHD151R,Total Votes,,,4408,,,,,,,,,,,,,,,,,,,,,,,,,,,,,,,,,,,,,,,,,,,,,,,,,,,,,,,,,,,,,,,,,,,,,,,,
State House of Representatives - District 151 - Dem,SHD151D,Ethan Wolfe,85,DEM,4535,,,,,,,,,,,,,,,,,,,,,,,,,,,,,,,,,,,,,,,,,,,,,,,,,,,,,,,,,,,,,,,,,,,,,,,,
State House of Representatives - District 151 - Dem,SHD151D,Total Votes,,,4535,,,,,,,,,,,,,,,,,,,,,,,,,,,,,,,,,,,,,,,,,,,,,,,,,,,,,,,,,,,,,,,,,,,,,,,,
State House of Representatives - District 152 - Rep,SHD152R,"William J. ""Bill"" Yearta (I)",86,REP,6566,,,,,,,,,,,,,,,,,,,,,,,,,,,,,,,,,,,,,,,,,,,,,,,,,,,,,,,,,,,,,,,,,,,,,,,,
State House of Representatives - District 152 - Rep,SHD152R,Total Votes,,,6566,,,,,,,,,,,,,,,,,,,,,,,,,,,,,,,,,,,,,,,,,,,,,,,,,,,,,,,,,,,,,,,,,,,,,,,,
State House of Representatives - District 152 - Dem,SHD152D,Mitchell Rosa,87,DEM,3568,,,,,,,,,,,,,,,,,,,,,,,,,,,,,,,,,,,,,,,,,,,,,,,,,,,,,,,,,,,,,,,,,,,,,,,,
State House of Representatives - District 152 - Dem,SHD152D,Total Votes,,,3568,,,,,,,,,,,,,,,,,,,,,,,,,,,,,,,,,,,,,,,,,,,,,,,,,,,,,,,,,,,,,,,,,,,,,,,,
State House of Representatives - District 153 - Dem,SHD153D,David Lee Sampson (I),88,DEM,6041,,,,,,,,,,,,,,,,,,,,,,,,,,,,,,,,,,,,,,,,,,,,,,,,,,,,,,,,,,,,,,,,,,,,,,,,
State House of Representatives - District 153 - Dem,SHD153D,Total Votes,,,6041,,,,,,,,,,,,,,,,,,,,,,,,,,,,,,,,,,,,,,,,,,,,,,,,,,,,,,,,,,,,,,,,,,,,,,,,
State House of Representatives - District 154 - Rep,SHD154R,Gerald E. Greene (I),84,REP,3956,,,,,,,,,,,,,,,,,,,,,,,,,,,,,,,,,,,,,,,,,,,,,,,,,,,,,,,,,,,,,,,,,,,,,,,,
State House of Representatives - District 154 - Rep,SHD154R,Total Votes,,,3956,,,,,,,,,,,,,,,,,,,,,,,,,,,,,,,,,,,,,,,,,,,,,,,,,,,,,,,,,,,,,,,,,,,,,,,,
State House of Representatives - District 154 - Dem,SHD154D,Harry James,85,DEM,5179,,,,,,,,,,,,,,,,,,,,,,,,,,,,,,,,,,,,,,,,,,,,,,,,,,,,,,,,,,,,,,,,,,,,,,,,
State House of Representatives - District 154 - Dem,SHD154D,Total Votes,,,5179,,,,,,,,,,,,,,,,,,,,,,,,,,,,,,,,,,,,,,,,,,,,,,,,,,,,,,,,,,,,,,,,,,,,,,,,
State House of Representatives - District 155 - Rep,SHD155R,KC Cook,132,REP,613,,,,,,,,,,,,,,,,,,,,,,,,,,,,,,,,,,,,,,,,,,,,,,,,,,,,,,,,,,,,,,,,,,,,,,,,
State House of Representatives - District 155 - Rep,SHD155R,Matt Hatchett (I),133,REP,6058,,,,,,,,,,,,,,,,,,,,,,,,,,,,,,,,,,,,,,,,,,,,,,,,,,,,,,,,,,,,,,,,,,,,,,,,
State House of Representatives - District 155 - Rep,SHD155R,Total Votes,,,6671,,,,,,,,,,,,,,,,,,,,,,,,,,,,,,,,,,,,,,,,,,,,,,,,,,,,,,,,,,,,,,,,,,,,,,,,
State House of Representatives - District 155 - Dem,SHD155D,Joe Powers,134,DEM,3224,,,,,,,,,,,,,,,,,,,,,,,,,,,,,,,,,,,,,,,,,,,,,,,,,,,,,,,,,,,,,,,,,,,,,,,,
State House of Representatives - District 155 - Dem,SHD155D,Total Votes,,,3224,,,,,,,,,,,,,,,,,,,,,,,,,,,,,,,,,,,,,,,,,,,,,,,,,,,,,,,,,,,,,,,,,,,,,,,,
State House of Representatives - District 156 - Rep,SHD156R,Leesa Hagan (I),84,REP,6187,,,,,,,,,,,,,,,,,,,,,,,,,,,,,,,,,,,,,,,,,,,,,,,,,,,,,,,,,,,,,,,,,,,,,,,,
State House of Representatives - District 156 - Rep,SHD156R,Total Votes,,,6187,,,,,,,,,,,,,,,,,,,,,,,,,,,,,,,,,,,,,,,,,,,,,,,,,,,,,,,,,,,,,,,,,,,,,,,,
State House of Representatives - District 157 - Rep,SHD157R,Bradley B. Anderson,98,REP,5138,,,,,,,,,,,,,,,,,,,,,,,,,,,,,,,,,,,,,,,,,,,,,,,,,,,,,,,,,,,,,,,,,,,,,,,,
State House of Representatives - District 157 - Rep,SHD157R,"William ""Bill"" Werkheiser (I)",99,REP,2618,,,,,,,,,,,,,,,,,,,,,,,,,,,,,,,,,,,,,,,,,,,,,,,,,,,,,,,,,,,,,,,,,,,,,,,,
State House of Representatives - District 157 - Rep,SHD157R,Total Votes,,,7756,,,,,,,,,,,,,,,,,,,,,,,,,,,,,,,,,,,,,,,,,,,,,,,,,,,,,,,,,,,,,,,,,,,,,,,,
State House of Representatives - District 157 - Dem,SHD157D,Micah King,100,DEM,1803,,,,,,,,,,,,,,,,,,,,,,,,,,,,,,,,,,,,,,,,,,,,,,,,,,,,,,,,,,,,,,,,,,,,,,,,
State House of Representatives - District 157 - Dem,SHD157D,Total Votes,,,1803,,,,,,,,,,,,,,,,,,,,,,,,,,,,,,,,,,,,,,,,,,,,,,,,,,,,,,,,,,,,,,,,,,,,,,,,
State House of Representatives - District 158 - Rep,SHD158R,Butch Parrish (I),85,REP,5870,,,,,,,,,,,,,,,,,,,,,,,,,,,,,,,,,,,,,,,,,,,,,,,,,,,,,,,,,,,,,,,,,,,,,,,,
State House of Representatives - District 158 - Rep,SHD158R,Total Votes,,,5870,,,,,,,,,,,,,,,,,,,,,,,,,,,,,,,,,,,,,,,,,,,,,,,,,,,,,,,,,,,,,,,,,,,,,,,,
State House of Representatives - District 159 - Rep,SHD159R,Jon G. Burns (I),86,REP,5108,,,,,,,,,,,,,,,,,,,,,,,,,,,,,,,,,,,,,,,,,,,,,,,,,,,,,,,,,,,,,,,,,,,,,,,,
State House of Representatives - District 159 - Rep,SHD159R,Nathan Hooks,87,REP,1689,,,,,,,,,,,,,,,,,,,,,,,,,,,,,,,,,,,,,,,,,,,,,,,,,,,,,,,,,,,,,,,,,,,,,,,,
State House of Representatives - District 159 - Rep,SHD159R,Total Votes,,,6797,,,,,,,,,,,,,,,,,,,,,,,,,,,,,,,,,,,,,,,,,,,,,,,,,,,,,,,,,,,,,,,,,,,,,,,,
State House of Representatives - District 160 - Rep,SHD160R,Lehman Franklin (I),94,REP,4647,,,,,,,,,,,,,,,,,,,,,,,,,,,,,,,,,,,,,,,,,,,,,,,,,,,,,,,,,,,,,,,,,,,,,,,,
State House of Representatives - District 160 - Rep,SHD160R,Total Votes,,,4647,,,,,,,,,,,,,,,,,,,,,,,,,,,,,,,,,,,,,,,,,,,,,,,,,,,,,,,,,,,,,,,,,,,,,,,,
State House of Representatives - District 161 - Rep,SHD161R,Bill Hitchens (I),82,REP,4055,,,,,,,,,,,,,,,,,,,,,,,,,,,,,,,,,,,,,,,,,,,,,,,,,,,,,,,,,,,,,,,,,,,,,,,,
State House of Representatives - District 161 - Rep,SHD161R,Total Votes,,,4055,,,,,,,,,,,,,,,,,,,,,,,,,,,,,,,,,,,,,,,,,,,,,,,,,,,,,,,,,,,,,,,,,,,,,,,,
State House of Representatives - District 161 - Dem,SHD161D,David Dillie,83,DEM,3872,,,,,,,,,,,,,,,,,,,,,,,,,,,,,,,,,,,,,,,,,,,,,,,,,,,,,,,,,,,,,,,,,,,,,,,,
State House of Representatives - District 161 - Dem,SHD161D,Total Votes,,,3872,,,,,,,,,,,,,,,,,,,,,,,,,,,,,,,,,,,,,,,,,,,,,,,,,,,,,,,,,,,,,,,,,,,,,,,,
State House of Representatives - District 162 - Dem,SHD162D,Orlando Scott,84,DEM,6041,,,,,,,,,,,,,,,,,,,,,,,,,,,,,,,,,,,,,,,,,,,,,,,,,,,,,,,,,,,,,,,,,,,,,,,,
State House of Representatives - District 162 - Dem,SHD162D,Total Votes,,,6041,,,,,,,,,,,,,,,,,,,,,,,,,,,,,,,,,,,,,,,,,,,,,,,,,,,,,,,,,,,,,,,,,,,,,,,,
State House of Representatives - District 163 - Dem,SHD163D,Anne Allen Westbrook (I),85,DEM,6945,,,,,,,,,,,,,,,,,,,,,,,,,,,,,,,,,,,,,,,,,,,,,,,,,,,,,,,,,,,,,,,,,,,,,,,,
State House of Representatives - District 163 - Dem,SHD163D,Total Votes,,,6945,,,,,,,,,,,,,,,,,,,,,,,,,,,,,,,,,,,,,,,,,,,,,,,,,,,,,,,,,,,,,,,,,,,,,,,,
State House of Representatives - District 164 - Rep,SHD164R,Ron Stephens (I),95,REP,4644,,,,,,,,,,,,,,,,,,,,,,,,,,,,,,,,,,,,,,,,,,,,,,,,,,,,,,,,,,,,,,,,,,,,,,,,
State House of Representatives - District 164 - Rep,SHD164R,Total Votes,,,4644,,,,,,,,,,,,,,,,,,,,,,,,,,,,,,,,,,,,,,,,,,,,,,,,,,,,,,,,,,,,,,,,,,,,,,,,
State House of Representatives - District 164 - Dem,SHD164D,Stephanie O Burgess,96,DEM,4860,,,,,,,,,,,,,,,,,,,,,,,,,,,,,,,,,,,,,,,,,,,,,,,,,,,,,,,,,,,,,,,,,,,,,,,,
State House of Representatives - District 164 - Dem,SHD164D,Total Votes,,,4860,,,,,,,,,,,,,,,,,,,,,,,,,,,,,,,,,,,,,,,,,,,,,,,,,,,,,,,,,,,,,,,,,,,,,,,,
State House of Representatives - District 165 - Dem,SHD165D,Kendra Clark,88,DEM,2787,,,,,,,,,,,,,,,,,,,,,,,,,,,,,,,,,,,,,,,,,,,,,,,,,,,,,,,,,,,,,,,,,,,,,,,,
State House of Representatives - District 165 - Dem,SHD165D,MiQuan Green,89,DEM,4209,,,,,,,,,,,,,,,,,,,,,,,,,,,,,,,,,,,,,,,,,,,,,,,,,,,,,,,,,,,,,,,,,,,,,,,,
State House of Representatives - District 165 - Dem,SHD165D,Jaylen Jay Morris,90,DEM,877,,,,,,,,,,,,,,,,,,,,,,,,,,,,,,,,,,,,,,,,,,,,,,,,,,,,,,,,,,,,,,,,,,,,,,,,
State House of Representatives - District 165 - Dem,SHD165D,Total Votes,,,7873,,,,,,,,,,,,,,,,,,,,,,,,,,,,,,,,,,,,,,,,,,,,,,,,,,,,,,,,,,,,,,,,,,,,,,,,
State House of Representatives - District 166 - Rep,SHD166R,Jesse Petrea (I),97,REP,10678,,,,,,,,,,,,,,,,,,,,,,,,,,,,,,,,,,,,,,,,,,,,,,,,,,,,,,,,,,,,,,,,,,,,,,,,
State House of Representatives - District 166 - Rep,SHD166R,Total Votes,,,10678,,,,,,,,,,,,,,,,,,,,,,,,,,,,,,,,,,,,,,,,,,,,,,,,,,,,,,,,,,,,,,,,,,,,,,,,
State House of Representatives - District 166 - Dem,SHD166D,Pat Daley,98,DEM,4491,,,,,,,,,,,,,,,,,,,,,,,,,,,,,,,,,,,,,,,,,,,,,,,,,,,,,,,,,,,,,,,,,,,,,,,,
State House of Representatives - District 166 - Dem,SHD166D,Total Votes,,,4491,,,,,,,,,,,,,,,,,,,,,,,,,,,,,,,,,,,,,,,,,,,,,,,,,,,,,,,,,,,,,,,,,,,,,,,,
State House of Representatives - District 167 - Rep,SHD167R,Buddy DeLoach (I),154,REP,6171,,,,,,,,,,,,,,,,,,,,,,,,,,,,,,,,,,,,,,,,,,,,,,,,,,,,,,,,,,,,,,,,,,,,,,,,
State House of Representatives - District 167 - Rep,SHD167R,Total Votes,,,6171,,,,,,,,,,,,,,,,,,,,,,,,,,,,,,,,,,,,,,,,,,,,,,,,,,,,,,,,,,,,,,,,,,,,,,,,
State House of Representatives - District 167 - Dem,SHD167D,"Nathaniel Hicks, Jr.",152,DEM,1819,,,,,,,,,,,,,,,,,,,,,,,,,,,,,,,,,,,,,,,,,,,,,,,,,,,,,,,,,,,,,,,,,,,,,,,,
State House of Representatives - District 167 - Dem,SHD167D,Laurie Thompson,153,DEM,1629,,,,,,,,,,,,,,,,,,,,,,,,,,,,,,,,,,,,,,,,,,,,,,,,,,,,,,,,,,,,,,,,,,,,,,,,
State House of Representatives - District 167 - Dem,SHD167D,Total Votes,,,3448,,,,,,,,,,,,,,,,,,,,,,,,,,,,,,,,,,,,,,,,,,,,,,,,,,,,,,,,,,,,,,,,,,,,,,,,
State House of Representatives - District 168 - Rep,SHD168R,Kevin Remillard,137,REP,1998,,,,,,,,,,,,,,,,,,,,,,,,,,,,,,,,,,,,,,,,,,,,,,,,,,,,,,,,,,,,,,,,,,,,,,,,
State House of Representatives - District 168 - Rep,SHD168R,Total Votes,,,1998,,,,,,,,,,,,,,,,,,,,,,,,,,,,,,,,,,,,,,,,,,,,,,,,,,,,,,,,,,,,,,,,,,,,,,,,
State House of Representatives - District 168 - Dem,SHD168D,Sabrina Newby,138,DEM,2333,,,,,,,,,,,,,,,,,,,,,,,,,,,,,,,,,,,,,,,,,,,,,,,,,,,,,,,,,,,,,,,,,,,,,,,,
State House of Representatives - District 168 - Dem,SHD168D,Al Williams (I),139,DEM,3727,,,,,,,,,,,,,,,,,,,,,,,,,,,,,,,,,,,,,,,,,,,,,,,,,,,,,,,,,,,,,,,,,,,,,,,,
State House of Representatives - District 168 - Dem,SHD168D,Total Votes,,,6060,,,,,,,,,,,,,,,,,,,,,,,,,,,,,,,,,,,,,,,,,,,,,,,,,,,,,,,,,,,,,,,,,,,,,,,,
State House of Representatives - District 169 - Rep,SHD169R,Angie O'Steen (I),86,REP,5804,,,,,,,,,,,,,,,,,,,,,,,,,,,,,,,,,,,,,,,,,,,,,,,,,,,,,,,,,,,,,,,,,,,,,,,,
State House of Representatives - District 169 - Rep,SHD169R,Total Votes,,,5804,,,,,,,,,,,,,,,,,,,,,,,,,,,,,,,,,,,,,,,,,,,,,,,,,,,,,,,,,,,,,,,,,,,,,,,,
State House of Representatives - District 170 - Rep,SHD170R,Jaclyn Dixon Ford (I),81,REP,5498,,,,,,,,,,,,,,,,,,,,,,,,,,,,,,,,,,,,,,,,,,,,,,,,,,,,,,,,,,,,,,,,,,,,,,,,
State House of Representatives - District 170 - Rep,SHD170R,Total Votes,,,5498,,,,,,,,,,,,,,,,,,,,,,,,,,,,,,,,,,,,,,,,,,,,,,,,,,,,,,,,,,,,,,,,,,,,,,,,
State House of Representatives - District 171 - Rep,SHD171R,Joseph M. Campbell (I),80,REP,4135,,,,,,,,,,,,,,,,,,,,,,,,,,,,,,,,,,,,,,,,,,,,,,,,,,,,,,,,,,,,,,,,,,,,,,,,
State House of Representatives - District 171 - Rep,SHD171R,Total Votes,,,4135,,,,,,,,,,,,,,,,,,,,,,,,,,,,,,,,,,,,,,,,,,,,,,,,,,,,,,,,,,,,,,,,,,,,,,,,
State House of Representatives - District 172 - Rep,SHD172R,"Charles ""Chas"" Cannon (I)",81,REP,5019,,,,,,,,,,,,,,,,,,,,,,,,,,,,,,,,,,,,,,,,,,,,,,,,,,,,,,,,,,,,,,,,,,,,,,,,
State House of Representatives - District 172 - Rep,SHD172R,Total Votes,,,5019,,,,,,,,,,,,,,,,,,,,,,,,,,,,,,,,,,,,,,,,,,,,,,,,,,,,,,,,,,,,,,,,,,,,,,,,
State House of Representatives - District 173 - Rep,SHD173R,Darlene Taylor (I),81,REP,4766,,,,,,,,,,,,,,,,,,,,,,,,,,,,,,,,,,,,,,,,,,,,,,,,,,,,,,,,,,,,,,,,,,,,,,,,
State House of Representatives - District 173 - Rep,SHD173R,Total Votes,,,4766,,,,,,,,,,,,,,,,,,,,,,,,,,,,,,,,,,,,,,,,,,,,,,,,,,,,,,,,,,,,,,,,,,,,,,,,
State House of Representatives - District 173 - Dem,SHD173D,Adam Chitwood,137,DEM,1852,,,,,,,,,,,,,,,,,,,,,,,,,,,,,,,,,,,,,,,,,,,,,,,,,,,,,,,,,,,,,,,,,,,,,,,,
State House of Representatives - District 173 - Dem,SHD173D,Anue Thomas,82,DEM,1707,,,,,,,,,,,,,,,,,,,,,,,,,,,,,,,,,,,,,,,,,,,,,,,,,,,,,,,,,,,,,,,,,,,,,,,,
State House of Representatives - District 173 - Dem,SHD173D,Total Votes,,,3559,,,,,,,,,,,,,,,,,,,,,,,,,,,,,,,,,,,,,,,,,,,,,,,,,,,,,,,,,,,,,,,,,,,,,,,,
State House of Representatives - District 174 - Rep,SHD174R,John L. Corbett (I),92,REP,6357,,,,,,,,,,,,,,,,,,,,,,,,,,,,,,,,,,,,,,,,,,,,,,,,,,,,,,,,,,,,,,,,,,,,,,,,
State House of Representatives - District 174 - Rep,SHD174R,Total Votes,,,6357,,,,,,,,,,,,,,,,,,,,,,,,,,,,,,,,,,,,,,,,,,,,,,,,,,,,,,,,,,,,,,,,,,,,,,,,
State House of Representatives - District 174 - Dem,SHD174D,David Hall,93,DEM,1317,,,,,,,,,,,,,,,,,,,,,,,,,,,,,,,,,,,,,,,,,,,,,,,,,,,,,,,,,,,,,,,,,,,,,,,,
State House of Representatives - District 174 - Dem,SHD174D,Total Votes,,,1317,,,,,,,,,,,,,,,,,,,,,,,,,,,,,,,,,,,,,,,,,,,,,,,,,,,,,,,,,,,,,,,,,,,,,,,,
State House of Representatives - District 175 - Rep,SHD175R,John LaHood (I),81,REP,5178,,,,,,,,,,,,,,,,,,,,,,,,,,,,,,,,,,,,,,,,,,,,,,,,,,,,,,,,,,,,,,,,,,,,,,,,
State House of Representatives - District 175 - Rep,SHD175R,Total Votes,,,5178,,,,,,,,,,,,,,,,,,,,,,,,,,,,,,,,,,,,,,,,,,,,,,,,,,,,,,,,,,,,,,,,,,,,,,,,
State House of Representatives - District 175 - Dem,SHD175D,Anissa Knight Wiseman,82,DEM,2845,,,,,,,,,,,,,,,,,,,,,,,,,,,,,,,,,,,,,,,,,,,,,,,,,,,,,,,,,,,,,,,,,,,,,,,,
State House of Representatives - District 175 - Dem,SHD175D,Total Votes,,,2845,,,,,,,,,,,,,,,,,,,,,,,,,,,,,,,,,,,,,,,,,,,,,,,,,,,,,,,,,,,,,,,,,,,,,,,,
State House of Representatives - District 176 - Rep,SHD176R,James Burchett (I),82,REP,4554,,,,,,,,,,,,,,,,,,,,,,,,,,,,,,,,,,,,,,,,,,,,,,,,,,,,,,,,,,,,,,,,,,,,,,,,
State House of Representatives - District 176 - Rep,SHD176R,Michael R. Dockery,83,REP,972,,,,,,,,,,,,,,,,,,,,,,,,,,,,,,,,,,,,,,,,,,,,,,,,,,,,,,,,,,,,,,,,,,,,,,,,
State House of Representatives - District 176 - Rep,SHD176R,Total Votes,,,5526,,,,,,,,,,,,,,,,,,,,,,,,,,,,,,,,,,,,,,,,,,,,,,,,,,,,,,,,,,,,,,,,,,,,,,,,
State House of Representatives - District 176 - Dem,SHD176D,Marcus T. Ryan,84,DEM,1594,,,,,,,,,,,,,,,,,,,,,,,,,,,,,,,,,,,,,,,,,,,,,,,,,,,,,,,,,,,,,,,,,,,,,,,,
State House of Representatives - District 176 - Dem,SHD176D,Total Votes,,,1594,,,,,,,,,,,,,,,,,,,,,,,,,,,,,,,,,,,,,,,,,,,,,,,,,,,,,,,,,,,,,,,,,,,,,,,,
State House of Representatives - District 177 - Dem,SHD177D,Eric G Howard,89,DEM,605,,,,,,,,,,,,,,,,,,,,,,,,,,,,,,,,,,,,,,,,,,,,,,,,,,,,,,,,,,,,,,,,,,,,,,,,
State House of Representatives - District 177 - Dem,SHD177D,Kristina Cheek McBride,90,DEM,747,,,,,,,,,,,,,,,,,,,,,,,,,,,,,,,,,,,,,,,,,,,,,,,,,,,,,,,,,,,,,,,,,,,,,,,,
State House of Representatives - District 177 - Dem,SHD177D,Elsie Cason Napier,91,DEM,1197,,,,,,,,,,,,,,,,,,,,,,,,,,,,,,,,,,,,,,,,,,,,,,,,,,,,,,,,,,,,,,,,,,,,,,,,
State House of Representatives - District 177 - Dem,SHD177D,"Alvin Payton, Jr.",92,DEM,1025,,,,,,,,,,,,,,,,,,,,,,,,,,,,,,,,,,,,,,,,,,,,,,,,,,,,,,,,,,,,,,,,,,,,,,,,
State House of Representatives - District 177 - Dem,SHD177D,Blake Alexander Robinson,93,DEM,421,,,,,,,,,,,,,,,,,,,,,,,,,,,,,,,,,,,,,,,,,,,,,,,,,,,,,,,,,,,,,,,,,,,,,,,,
State House of Representatives - District 177 - Dem,SHD177D,Total Votes,,,3995,,,,,,,,,,,,,,,,,,,,,,,,,,,,,,,,,,,,,,,,,,,,,,,,,,,,,,,,,,,,,,,,,,,,,,,,
State House of Representatives - District 178 - Rep,SHD178R,Steven Meeks (I),101,REP,8514,,,,,,,,,,,,,,,,,,,,,,,,,,,,,,,,,,,,,,,,,,,,,,,,,,,,,,,,,,,,,,,,,,,,,,,,
State House of Representatives - District 178 - Rep,SHD178R,Total Votes,,,8514,,,,,,,,,,,,,,,,,,,,,,,,,,,,,,,,,,,,,,,,,,,,,,,,,,,,,,,,,,,,,,,,,,,,,,,,
State House of Representatives - District 178 - Dem,SHD178D,Barry Dunham,102,DEM,1205,,,,,,,,,,,,,,,,,,,,,,,,,,,,,,,,,,,,,,,,,,,,,,,,,,,,,,,,,,,,,,,,,,,,,,,,
State House of Representatives - District 178 - Dem,SHD178D,Total Votes,,,1205,,,,,,,,,,,,,,,,,,,,,,,,,,,,,,,,,,,,,,,,,,,,,,,,,,,,,,,,,,,,,,,,,,,,,,,,
State House of Representatives - District 179 - Rep,SHD179R,Rick Townsend (I),155,REP,5795,,,,,,,,,,,,,,,,,,,,,,,,,,,,,,,,,,,,,,,,,,,,,,,,,,,,,,,,,,,,,,,,,,,,,,,,
State House of Representatives - District 179 - Rep,SHD179R,Total Votes,,,5795,,,,,,,,,,,,,,,,,,,,,,,,,,,,,,,,,,,,,,,,,,,,,,,,,,,,,,,,,,,,,,,,,,,,,,,,
State House of Representatives - District 180 - Rep,SHD180R,Steven Sainz (I),92,REP,5068,,,,,,,,,,,,,,,,,,,,,,,,,,,,,,,,,,,,,,,,,,,,,,,,,,,,,,,,,,,,,,,,,,,,,,,,
State House of Representatives - District 180 - Rep,SHD180R,Total Votes,,,5068,,,,,,,,,,,,,,,,,,,,,,,,,,,,,,,,,,,,,,,,,,,,,,,,,,,,,,,,,,,,,,,,,,,,,,,,
District Attorney - Atlantic Judicial Circuit - Rep,SDA5R,"Billy Joe Nelson, Jr. (I)",99,REP,13870,,,,,,,,,,,,,,,,,,,,,,,,,,,,,,,,,,,,,,,,,,,,,,,,,,,,,,,,,,,,,,,,,,,,,,,,
District Attorney - Atlantic Judicial Circuit - Rep,SDA5R,Total Votes,,,13870,,,,,,,,,,,,,,,,,,,,,,,,,,,,,,,,,,,,,,,,,,,,,,,,,,,,,,,,,,,,,,,,,,,,,,,,
District Attorney - Columbia Judicial Circuit - Rep,SDA14R,Natalie Paine,98,REP,17798,,,,,,,,,,,,,,,,,,,,,,,,,,,,,,,,,,,,,,,,,,,,,,,,,,,,,,,,,,,,,,,,,,,,,,,,
District Attorney - Columbia Judicial Circuit - Rep,SDA14R,Total Votes,,,17798,,,,,,,,,,,,,,,,,,,,,,,,,,,,,,,,,,,,,,,,,,,,,,,,,,,,,,,,,,,,,,,,,,,,,,,,
District Attorney - Cordele Judicial Circuit - Rep,SDA16R,Brad Rigby (I),85,REP,2718,,,,,,,,,,,,,,,,,,,,,,,,,,,,,,,,,,,,,,,,,,,,,,,,,,,,,,,,,,,,,,,,,,,,,,,,
District Attorney - Cordele Judicial Circuit - Rep,SDA16R,Lyndsey Walters,86,REP,3256,,,,,,,,,,,,,,,,,,,,,,,,,,,,,,,,,,,,,,,,,,,,,,,,,,,,,,,,,,,,,,,,,,,,,,,,
District Attorney - Cordele Judicial Circuit - Rep,SDA16R,Total Votes,,,5974,,,,,,,,,,,,,,,,,,,,,,,,,,,,,,,,,,,,,,,,,,,,,,,,,,,,,,,,,,,,,,,,,,,,,,,,
District Attorney - Enotah Judicial Circuit - Rep,SDA23R,Jeff Langley (I),92,REP,18625,,,,,,,,,,,,,,,,,,,,,,,,,,,,,,,,,,,,,,,,,,,,,,,,,,,,,,,,,,,,,,,,,,,,,,,,
District Attorney - Enotah Judicial Circuit - Rep,SDA23R,Total Votes,,,18625,,,,,,,,,,,,,,,,,,,,,,,,,,,,,,,,,,,,,,,,,,,,,,,,,,,,,,,,,,,,,,,,,,,,,,,,
District Attorney - Northeastern Judicial Circuit - Rep,SDA32R,Lee Darragh (I),91,REP,26019,,,,,,,,,,,,,,,,,,,,,,,,,,,,,,,,,,,,,,,,,,,,,,,,,,,,,,,,,,,,,,,,,,,,,,,,
District Attorney - Northeastern Judicial Circuit - Rep,SDA32R,Shiv Sachdeva,92,REP,5376,,,,,,,,,,,,,,,,,,,,,,,,,,,,,,,,,,,,,,,,,,,,,,,,,,,,,,,,,,,,,,,,,,,,,,,,
District Attorney - Northeastern Judicial Circuit - Rep,SDA32R,Total Votes,,,31395,,,,,,,,,,,,,,,,,,,,,,,,,,,,,,,,,,,,,,,,,,,,,,,,,,,,,,,,,,,,,,,,,,,,,,,,
District Attorney - Pataula Judicial Circuit - Rep,SDA37R,Vic McNease (I),86,REP,3747,,,,,,,,,,,,,,,,,,,,,,,,,,,,,,,,,,,,,,,,,,,,,,,,,,,,,,,,,,,,,,,,,,,,,,,,
District Attorney - Pataula Judicial Circuit - Rep,SDA37R,Total Votes,,,3747,,,,,,,,,,,,,,,,,,,,,,,,,,,,,,,,,,,,,,,,,,,,,,,,,,,,,,,,,,,,,,,,,,,,,,,,
District Attorney - Paulding Judicial Circuit - Rep,SDA50R,Colleen Hampton,105,REP,6103,,,,,,,,,,,,,,,,,,,,,,,,,,,,,,,,,,,,,,,,,,,,,,,,,,,,,,,,,,,,,,,,,,,,,,,,
District Attorney - Paulding Judicial Circuit - Rep,SDA50R,Robert S. Lane (I),106,REP,11504,,,,,,,,,,,,,,,,,,,,,,,,,,,,,,,,,,,,,,,,,,,,,,,,,,,,,,,,,,,,,,,,,,,,,,,,
District Attorney - Paulding Judicial Circuit - Rep,SDA50R,Total Votes,,,17607,,,,,,,,,,,,,,,,,,,,,,,,,,,,,,,,,,,,,,,,,,,,,,,,,,,,,,,,,,,,,,,,,,,,,,,,
District Attorney - Rockdale Judicial Circuit - Dem,SDA39D,Alisha Adams Johnson (I),94,DEM,16308,,,,,,,,,,,,,,,,,,,,,,,,,,,,,,,,,,,,,,,,,,,,,,,,,,,,,,,,,,,,,,,,,,,,,,,,
District Attorney - Rockdale Judicial Circuit - Dem,SDA39D,Total Votes,,,16308,,,,,,,,,,,,,,,,,,,,,,,,,,,,,,,,,,,,,,,,,,,,,,,,,,,,,,,,,,,,,,,,,,,,,,,,
District Attorney - Waycross Judicial Circuit - Rep,SDA49R,Marilyn Bennett (I),98,REP,14736,,,,,,,,,,,,,,,,,,,,,,,,,,,,,,,,,,,,,,,,,,,,,,,,,,,,,,,,,,,,,,,,,,,,,,,,
District Attorney - Waycross Judicial Circuit - Rep,SDA49R,Total Votes,,,14736,,,,,,,,,,,,,,,,,,,,,,,,,,,,,,,,,,,,,,,,,,,,,,,,,,,,,,,,,,,,,,,,,,,,,,,,
District Attorney - West Georgia Judicial Circuit - Rep,SDA51R,Sarah Stimac Japour (I),94,REP,13858,,,,,,,,,,,,,,,,,,,,,,,,,,,,,,,,,,,,,,,,,,,,,,,,,,,,,,,,,,,,,,,,,,,,,,,,
District Attorney - West Georgia Judicial Circuit - Rep,SDA51R,Total Votes,,,13858,,,,,,,,,,,,,,,,,,,,,,,,,,,,,,,,,,,,,,,,,,,,,,,,,,,,,,,,,,,,,,,,,,,,,,,,
Justice - Supreme Court of Georgia (Bethel),SSC1,"Charles ""Charlie"" Bethel (I)",130,,990862,,,,,,,,,,,,,,,,,,,,,,,,,,,,,,,,,,,,,,,,,,,,,,,,,,,,,,,,,,,,,,,,,,,,,,,,
Justice - Supreme Court of Georgia (Bethel),SSC1,Miracle Rankin,131,,947975,,,,,,,,,,,,,,,,,,,,,,,,,,,,,,,,,,,,,,,,,,,,,,,,,,,,,,,,,,,,,,,,,,,,,,,,
Justice - Supreme Court of Georgia (Bethel),SSC1,Total Votes,,,1938837,,,,,,,,,,,,,,,,,,,,,,,,,,,,,,,,,,,,,,,,,,,,,,,,,,,,,,,,,,,,,,,,,,,,,,,,
Justice - Supreme Court of Georgia (Land),SSC2,Ben Land (I),133,,1718077,,,,,,,,,,,,,,,,,,,,,,,,,,,,,,,,,,,,,,,,,,,,,,,,,,,,,,,,,,,,,,,,,,,,,,,,
Justice - Supreme Court of Georgia (Land),SSC2,Total Votes,,,1718077,,,,,,,,,,,,,,,,,,,,,,,,,,,,,,,,,,,,,,,,,,,,,,,,,,,,,,,,,,,,,,,,,,,,,,,,
Justice - Supreme Court of Georgia (Warren),SSC3,Jen Auer Jordan,135,,781943,,,,,,,,,,,,,,,,,,,,,,,,,,,,,,,,,,,,,,,,,,,,,,,,,,,,,,,,,,,,,,,,,,,,,,,,
Justice - Supreme Court of Georgia (Warren),SSC3,Sarah Hawkins Warren (I),136,,1140524,,,,,,,,,,,,,,,,,,,,,,,,,,,,,,,,,,,,,,,,,,,,,,,,,,,,,,,,,,,,,,,,,,,,,,,,
Justice - Supreme Court of Georgia (Warren),SSC3,Total Votes,,,1922467,,,,,,,,,,,,,,,,,,,,,,,,,,,,,,,,,,,,,,,,,,,,,,,,,,,,,,,,,,,,,,,,,,,,,,,,
"Judge - Court of Appeals of Georgia (Brown, III)",SCA1,"Trenton ""Trent"" Brown (I)",138,,1203872,,,,,,,,,,,,,,,,,,,,,,,,,,,,,,,,,,,,,,,,,,,,,,,,,,,,,,,,,,,,,,,,,,,,,,,,
"Judge - Court of Appeals of Georgia (Brown, III)",SCA1,Will Wooten,139,,682771,,,,,,,,,,,,,,,,,,,,,,,,,,,,,,,,,,,,,,,,,,,,,,,,,,,,,,,,,,,,,,,,,,,,,,,,
"Judge - Court of Appeals of Georgia (Brown, III)",SCA1,Total Votes,,,1886643,,,,,,,,,,,,,,,,,,,,,,,,,,,,,,,,,,,,,,,,,,,,,,,,,,,,,,,,,,,,,,,,,,,,,,,,
Judge - Court of Appeals of Georgia (Doyle),SCA2,Sara Doyle (I),141,,1742609,,,,,,,,,,,,,,,,,,,,,,,,,,,,,,,,,,,,,,,,,,,,,,,,,,,,,,,,,,,,,,,,,,,,,,,,
Judge - Court of Appeals of Georgia (Doyle),SCA2,Total Votes,,,1742609,,,,,,,,,,,,,,,,,,,,,,,,,,,,,,,,,,,,,,,,,,,,,,,,,,,,,,,,,,,,,,,,,,,,,,,,
Judge - Court of Appeals of Georgia (Gobeil),SCA3,Fatima Harris Felton,143,,821648,,,,,,,,,,,,,,,,,,,,,,,,,,,,,,,,,,,,,,,,,,,,,,,,,,,,,,,,,,,,,,,,,,,,,,,,
Judge - Court of Appeals of Georgia (Gobeil),SCA3,Elizabeth D. Gobeil (I),144,,1066970,,,,,,,,,,,,,,,,,,,,,,,,,,,,,,,,,,,,,,,,,,,,,,,,,,,,,,,,,,,,,,,,,,,,,,,,
Judge - Court of Appeals of Georgia (Gobeil),SCA3,Total Votes,,,1888618,,,,,,,,,,,,,,,,,,,,,,,,,,,,,,,,,,,,,,,,,,,,,,,,,,,,,,,,,,,,,,,,,,,,,,,,
Judge - Court of Appeals of Georgia (Markle),SCA4,David Todd Markle (I),146,,1722599,,,,,,,,,,,,,,,,,,,,,,,,,,,,,,,,,,,,,,,,,,,,,,,,,,,,,,,,,,,,,,,,,,,,,,,,
Judge - Court of Appeals of Georgia (Markle),SCA4,Total Votes,,,1722599,,,,,,,,,,,,,,,,,,,,,,,,,,,,,,,,,,,,,,,,,,,,,,,,,,,,,,,,,,,,,,,,,,,,,,,,
Judge - Court of Appeals of Georgia (Padgett),SCA5,J. Wade Padgett (I),148,,1724339,,,,,,,,,,,,,,,,,,,,,,,,,,,,,,,,,,,,,,,,,,,,,,,,,,,,,,,,,,,,,,,,,,,,,,,,
Judge - Court of Appeals of Georgia (Padgett),SCA5,Total Votes,,,1724339,,,,,,,,,,,,,,,,,,,,,,,,,,,,,,,,,,,,,,,,,,,,,,,,,,,,,,,,,,,,,,,,,,,,,,,,
"Judge - Superior Court - Alapaha Judicial Circuit (Perryman, III)",SJC1,Dick Perryman (I),120,,7224,,,,,,,,,,,,,,,,,,,,,,,,,,,,,,,,,,,,,,,,,,,,,,,,,,,,,,,,,,,,,,,,,,,,,,,,
"Judge - Superior Court - Alapaha Judicial Circuit (Perryman, III)",SJC1,Total Votes,,,7224,,,,,,,,,,,,,,,,,,,,,,,,,,,,,,,,,,,,,,,,,,,,,,,,,,,,,,,,,,,,,,,,,,,,,,,,
Judge - Superior Court - Alcovy Judicial Circuit (McCamy),SJC2,Cheveda D. McCamy (I),151,,39954,,,,,,,,,,,,,,,,,,,,,,,,,,,,,,,,,,,,,,,,,,,,,,,,,,,,,,,,,,,,,,,,,,,,,,,,
Judge - Superior Court - Alcovy Judicial Circuit (McCamy),SJC2,Total Votes,,,39954,,,,,,,,,,,,,,,,,,,,,,,,,,,,,,,,,,,,,,,,,,,,,,,,,,,,,,,,,,,,,,,,,,,,,,,,
Judge - Superior Court - Alcovy Judicial Circuit (Zon),SJC3,Layla H. Zon (I),152,,40170,,,,,,,,,,,,,,,,,,,,,,,,,,,,,,,,,,,,,,,,,,,,,,,,,,,,,,,,,,,,,,,,,,,,,,,,
Judge - Superior Court - Alcovy Judicial Circuit (Zon),SJC3,Total Votes,,,40170,,,,,,,,,,,,,,,,,,,,,,,,,,,,,,,,,,,,,,,,,,,,,,,,,,,,,,,,,,,,,,,,,,,,,,,,
Judge - Superior Court - Appalachian Judicial Circuit (Priest),SJC4,Mary E. Priest (I),136,,18116,,,,,,,,,,,,,,,,,,,,,,,,,,,,,,,,,,,,,,,,,,,,,,,,,,,,,,,,,,,,,,,,,,,,,,,,
Judge - Superior Court - Appalachian Judicial Circuit (Priest),SJC4,Total Votes,,,18116,,,,,,,,,,,,,,,,,,,,,,,,,,,,,,,,,,,,,,,,,,,,,,,,,,,,,,,,,,,,,,,,,,,,,,,,
Judge - Superior Court - Appalachian Judicial Circuit (Sosebee),SJC5,B. Alison Sosebee (I),137,,18506,,,,,,,,,,,,,,,,,,,,,,,,,,,,,,,,,,,,,,,,,,,,,,,,,,,,,,,,,,,,,,,,,,,,,,,,
Judge - Superior Court - Appalachian Judicial Circuit (Sosebee),SJC5,Total Votes,,,18506,,,,,,,,,,,,,,,,,,,,,,,,,,,,,,,,,,,,,,,,,,,,,,,,,,,,,,,,,,,,,,,,,,,,,,,,
Judge - Superior Court - Atlanta Judicial Circuit (Benton),SCJ6,Alice Benton (I),246,,177839,,,,,,,,,,,,,,,,,,,,,,,,,,,,,,,,,,,,,,,,,,,,,,,,,,,,,,,,,,,,,,,,,,,,,,,,
Judge - Superior Court - Atlanta Judicial Circuit (Benton),SCJ6,Total Votes,,,177839,,,,,,,,,,,,,,,,,,,,,,,,,,,,,,,,,,,,,,,,,,,,,,,,,,,,,,,,,,,,,,,,,,,,,,,,
Judge - Superior Court - Atlanta Judicial Circuit (Eaton),SCJ7,Chuck Eaton (I),247,,176307,,,,,,,,,,,,,,,,,,,,,,,,,,,,,,,,,,,,,,,,,,,,,,,,,,,,,,,,,,,,,,,,,,,,,,,,
Judge - Superior Court - Atlanta Judicial Circuit (Eaton),SCJ7,Total Votes,,,176307,,,,,,,,,,,,,,,,,,,,,,,,,,,,,,,,,,,,,,,,,,,,,,,,,,,,,,,,,,,,,,,,,,,,,,,,
Judge - Superior Court - Atlanta Judicial Circuit (Ellerbe),SCJ8,Kelly Lee Ellerbe (I),248,,177006,,,,,,,,,,,,,,,,,,,,,,,,,,,,,,,,,,,,,,,,,,,,,,,,,,,,,,,,,,,,,,,,,,,,,,,,
Judge - Superior Court - Atlanta Judicial Circuit (Ellerbe),SCJ8,Total Votes,,,177006,,,,,,,,,,,,,,,,,,,,,,,,,,,,,,,,,,,,,,,,,,,,,,,,,,,,,,,,,,,,,,,,,,,,,,,,
Judge - Superior Court - Atlanta Judicial Circuit (Farmer),SCJ9,Kevin M. Farmer (I),249,,177315,,,,,,,,,,,,,,,,,,,,,,,,,,,,,,,,,,,,,,,,,,,,,,,,,,,,,,,,,,,,,,,,,,,,,,,,
Judge - Superior Court - Atlanta Judicial Circuit (Farmer),SCJ9,Total Votes,,,177315,,,,,,,,,,,,,,,,,,,,,,,,,,,,,,,,,,,,,,,,,,,,,,,,,,,,,,,,,,,,,,,,,,,,,,,,
Judge - Superior Court - Atlanta Judicial Circuit (McBurney),SCJ10,Robert C.I. McBurney (I),250,,177501,,,,,,,,,,,,,,,,,,,,,,,,,,,,,,,,,,,,,,,,,,,,,,,,,,,,,,,,,,,,,,,,,,,,,,,,
Judge - Superior Court - Atlanta Judicial Circuit (McBurney),SCJ10,Total Votes,,,177501,,,,,,,,,,,,,,,,,,,,,,,,,,,,,,,,,,,,,,,,,,,,,,,,,,,,,,,,,,,,,,,,,,,,,,,,
Judge - Superior Court - Atlanta Judicial Circuit (Schwall),SCJ11,Janice Moore,251,,120753,,,,,,,,,,,,,,,,,,,,,,,,,,,,,,,,,,,,,,,,,,,,,,,,,,,,,,,,,,,,,,,,,,,,,,,,
Judge - Superior Court - Atlanta Judicial Circuit (Schwall),SCJ11,Craig L. Schwall (I),252,,80305,,,,,,,,,,,,,,,,,,,,,,,,,,,,,,,,,,,,,,,,,,,,,,,,,,,,,,,,,,,,,,,,,,,,,,,,
Judge - Superior Court - Atlanta Judicial Circuit (Schwall),SCJ11,Total Votes,,,201058,,,,,,,,,,,,,,,,,,,,,,,,,,,,,,,,,,,,,,,,,,,,,,,,,,,,,,,,,,,,,,,,,,,,,,,,
Judge - Superior Court - Atlanta Judicial Circuit (Whitaker),SCJ12,Nikia Smith Sellers,253,,101514,,,,,,,,,,,,,,,,,,,,,,,,,,,,,,,,,,,,,,,,,,,,,,,,,,,,,,,,,,,,,,,,,,,,,,,,
Judge - Superior Court - Atlanta Judicial Circuit (Whitaker),SCJ12,Paige Reese Whitaker (I),254,,98085,,,,,,,,,,,,,,,,,,,,,,,,,,,,,,,,,,,,,,,,,,,,,,,,,,,,,,,,,,,,,,,,,,,,,,,,
Judge - Superior Court - Atlanta Judicial Circuit (Whitaker),SCJ12,Total Votes,,,199599,,,,,,,,,,,,,,,,,,,,,,,,,,,,,,,,,,,,,,,,,,,,,,,,,,,,,,,,,,,,,,,,,,,,,,,,
Judge - Superior Court - Atlantic Judicial Circuit (Hendrix),SJC13,Mark A. Hendrix (I),156,,24370,,,,,,,,,,,,,,,,,,,,,,,,,,,,,,,,,,,,,,,,,,,,,,,,,,,,,,,,,,,,,,,,,,,,,,,,
Judge - Superior Court - Atlantic Judicial Circuit (Hendrix),SJC13,Total Votes,,,24370,,,,,,,,,,,,,,,,,,,,,,,,,,,,,,,,,,,,,,,,,,,,,,,,,,,,,,,,,,,,,,,,,,,,,,,,
Judge - Superior Court - Atlantic Judicial Circuit (Stewart),SJC14,D. Jay Stewart (I),157,,24938,,,,,,,,,,,,,,,,,,,,,,,,,,,,,,,,,,,,,,,,,,,,,,,,,,,,,,,,,,,,,,,,,,,,,,,,
Judge - Superior Court - Atlantic Judicial Circuit (Stewart),SJC14,Total Votes,,,24938,,,,,,,,,,,,,,,,,,,,,,,,,,,,,,,,,,,,,,,,,,,,,,,,,,,,,,,,,,,,,,,,,,,,,,,,
Judge - Superior Court - Augusta Judicial Circuit (Heath),SJC15,Amanda Nichole Heath (I),142,,37578,,,,,,,,,,,,,,,,,,,,,,,,,,,,,,,,,,,,,,,,,,,,,,,,,,,,,,,,,,,,,,,,,,,,,,,,
Judge - Superior Court - Augusta Judicial Circuit (Heath),SJC15,Total Votes,,,37578,,,,,,,,,,,,,,,,,,,,,,,,,,,,,,,,,,,,,,,,,,,,,,,,,,,,,,,,,,,,,,,,,,,,,,,,
Judge - Superior Court - Augusta Judicial Circuit (Stone),SJC16,Jesse Stone (I),143,,37447,,,,,,,,,,,,,,,,,,,,,,,,,,,,,,,,,,,,,,,,,,,,,,,,,,,,,,,,,,,,,,,,,,,,,,,,
Judge - Superior Court - Augusta Judicial Circuit (Stone),SJC16,Total Votes,,,37447,,,,,,,,,,,,,,,,,,,,,,,,,,,,,,,,,,,,,,,,,,,,,,,,,,,,,,,,,,,,,,,,,,,,,,,,
Judge - Superior Court - Augusta Judicial Circuit (Wright),SJC17,Alexia Davis Payne,144,,19394,,,,,,,,,,,,,,,,,,,,,,,,,,,,,,,,,,,,,,,,,,,,,,,,,,,,,,,,,,,,,,,,,,,,,,,,
Judge - Superior Court - Augusta Judicial Circuit (Wright),SJC17,Ashley Wright (I),145,,22393,,,,,,,,,,,,,,,,,,,,,,,,,,,,,,,,,,,,,,,,,,,,,,,,,,,,,,,,,,,,,,,,,,,,,,,,
Judge - Superior Court - Augusta Judicial Circuit (Wright),SJC17,Total Votes,,,41787,,,,,,,,,,,,,,,,,,,,,,,,,,,,,,,,,,,,,,,,,,,,,,,,,,,,,,,,,,,,,,,,,,,,,,,,
Judge - Superior Court - Bell-Forsyth Judicial Circuit (Bagley),SJC18,Jeffrey Bagley (I),171,,38000,,,,,,,,,,,,,,,,,,,,,,,,,,,,,,,,,,,,,,,,,,,,,,,,,,,,,,,,,,,,,,,,,,,,,,,,
Judge - Superior Court - Bell-Forsyth Judicial Circuit (Bagley),SJC18,Total Votes,,,38000,,,,,,,,,,,,,,,,,,,,,,,,,,,,,,,,,,,,,,,,,,,,,,,,,,,,,,,,,,,,,,,,,,,,,,,,
Judge - Superior Court - Bell-Forsyth Judicial Circuit (Smith),SJC19,Philip C. Smith (I),172,,37813,,,,,,,,,,,,,,,,,,,,,,,,,,,,,,,,,,,,,,,,,,,,,,,,,,,,,,,,,,,,,,,,,,,,,,,,
Judge - Superior Court - Bell-Forsyth Judicial Circuit (Smith),SJC19,Total Votes,,,37813,,,,,,,,,,,,,,,,,,,,,,,,,,,,,,,,,,,,,,,,,,,,,,,,,,,,,,,,,,,,,,,,,,,,,,,,
Judge - Superior Court - Blue Ridge Judicial Circuit (Baker),SJC20,"M. Anthony ''Tony"" Baker (I)",173,,48690,,,,,,,,,,,,,,,,,,,,,,,,,,,,,,,,,,,,,,,,,,,,,,,,,,,,,,,,,,,,,,,,,,,,,,,,
Judge - Superior Court - Blue Ridge Judicial Circuit (Baker),SJC20,Total Votes,,,48690,,,,,,,,,,,,,,,,,,,,,,,,,,,,,,,,,,,,,,,,,,,,,,,,,,,,,,,,,,,,,,,,,,,,,,,,
Judge - Superior Court - Brunswick Judicial Circuit (Lane),SJC21,Roger B. Lane (I),150,,29384,,,,,,,,,,,,,,,,,,,,,,,,,,,,,,,,,,,,,,,,,,,,,,,,,,,,,,,,,,,,,,,,,,,,,,,,
Judge - Superior Court - Brunswick Judicial Circuit (Lane),SJC21,Total Votes,,,29384,,,,,,,,,,,,,,,,,,,,,,,,,,,,,,,,,,,,,,,,,,,,,,,,,,,,,,,,,,,,,,,,,,,,,,,,
Judge - Superior Court - Chattahoochee Judicial Circuit (Burch),SJC22,Tippi Cain Burch (I),126,,43220,,,,,,,,,,,,,,,,,,,,,,,,,,,,,,,,,,,,,,,,,,,,,,,,,,,,,,,,,,,,,,,,,,,,,,,,
Judge - Superior Court - Chattahoochee Judicial Circuit (Burch),SJC22,Total Votes,,,43220,,,,,,,,,,,,,,,,,,,,,,,,,,,,,,,,,,,,,,,,,,,,,,,,,,,,,,,,,,,,,,,,,,,,,,,,
Judge - Superior Court - Cherokee Judicial Circuit (Greene),SJC23,Rosemary M. Greene (I),164,,22614,,,,,,,,,,,,,,,,,,,,,,,,,,,,,,,,,,,,,,,,,,,,,,,,,,,,,,,,,,,,,,,,,,,,,,,,
Judge - Superior Court - Cherokee Judicial Circuit (Greene),SJC23,Total Votes,,,22614,,,,,,,,,,,,,,,,,,,,,,,,,,,,,,,,,,,,,,,,,,,,,,,,,,,,,,,,,,,,,,,,,,,,,,,,
Judge - Superior Court - Cherokee Judicial Circuit (Patel),SJC24,Samir J. Patel (I),166,,22111,,,,,,,,,,,,,,,,,,,,,,,,,,,,,,,,,,,,,,,,,,,,,,,,,,,,,,,,,,,,,,,,,,,,,,,,
Judge - Superior Court - Cherokee Judicial Circuit (Patel),SJC24,Total Votes,,,22111,,,,,,,,,,,,,,,,,,,,,,,,,,,,,,,,,,,,,,,,,,,,,,,,,,,,,,,,,,,,,,,,,,,,,,,,
Judge - Superior Court - Cherokee Judicial Circuit (Smith),SJC25,D. Scott Smith (I),168,,22686,,,,,,,,,,,,,,,,,,,,,,,,,,,,,,,,,,,,,,,,,,,,,,,,,,,,,,,,,,,,,,,,,,,,,,,,
Judge - Superior Court - Cherokee Judicial Circuit (Smith),SJC25,Total Votes,,,22686,,,,,,,,,,,,,,,,,,,,,,,,,,,,,,,,,,,,,,,,,,,,,,,,,,,,,,,,,,,,,,,,,,,,,,,,
Judge - Superior Court - Clayton Judicial Circuit (Carter),SJC26,Geronda V. Carter (I),152,,26457,,,,,,,,,,,,,,,,,,,,,,,,,,,,,,,,,,,,,,,,,,,,,,,,,,,,,,,,,,,,,,,,,,,,,,,,
Judge - Superior Court - Clayton Judicial Circuit (Carter),SJC26,Utrophia Daniell Robinson,153,,19733,,,,,,,,,,,,,,,,,,,,,,,,,,,,,,,,,,,,,,,,,,,,,,,,,,,,,,,,,,,,,,,,,,,,,,,,
Judge - Superior Court - Clayton Judicial Circuit (Carter),SJC26,Total Votes,,,46190,,,,,,,,,,,,,,,,,,,,,,,,,,,,,,,,,,,,,,,,,,,,,,,,,,,,,,,,,,,,,,,,,,,,,,,,
Judge - Superior Court - Clayton Judicial Circuit (Mason),SJC27,Deitra Butler,155,,25431,,,,,,,,,,,,,,,,,,,,,,,,,,,,,,,,,,,,,,,,,,,,,,,,,,,,,,,,,,,,,,,,,,,,,,,,
Judge - Superior Court - Clayton Judicial Circuit (Mason),SJC27,Aaron B. Mason (I),156,,20955,,,,,,,,,,,,,,,,,,,,,,,,,,,,,,,,,,,,,,,,,,,,,,,,,,,,,,,,,,,,,,,,,,,,,,,,
Judge - Superior Court - Clayton Judicial Circuit (Mason),SJC27,Total Votes,,,46386,,,,,,,,,,,,,,,,,,,,,,,,,,,,,,,,,,,,,,,,,,,,,,,,,,,,,,,,,,,,,,,,,,,,,,,,
Judge - Superior Court - Cobb Judicial Circuit (Brown),SJC28,Sonja N. Brown (I),203,,137789,,,,,,,,,,,,,,,,,,,,,,,,,,,,,,,,,,,,,,,,,,,,,,,,,,,,,,,,,,,,,,,,,,,,,,,,
Judge - Superior Court - Cobb Judicial Circuit (Brown),SJC28,Total Votes,,,137789,,,,,,,,,,,,,,,,,,,,,,,,,,,,,,,,,,,,,,,,,,,,,,,,,,,,,,,,,,,,,,,,,,,,,,,,
Judge - Superior Court - Cobb Judicial Circuit (Harris),SJC29,Ann Bethune Harris (I),204,,135992,,,,,,,,,,,,,,,,,,,,,,,,,,,,,,,,,,,,,,,,,,,,,,,,,,,,,,,,,,,,,,,,,,,,,,,,
Judge - Superior Court - Cobb Judicial Circuit (Harris),SJC29,Total Votes,,,135992,,,,,,,,,,,,,,,,,,,,,,,,,,,,,,,,,,,,,,,,,,,,,,,,,,,,,,,,,,,,,,,,,,,,,,,,
Judge - Superior Court - Cobb Judicial Circuit (Leonard),SJC30,Robert D. Leonard II (I),205,,134332,,,,,,,,,,,,,,,,,,,,,,,,,,,,,,,,,,,,,,,,,,,,,,,,,,,,,,,,,,,,,,,,,,,,,,,,
Judge - Superior Court - Cobb Judicial Circuit (Leonard),SJC30,Total Votes,,,134332,,,,,,,,,,,,,,,,,,,,,,,,,,,,,,,,,,,,,,,,,,,,,,,,,,,,,,,,,,,,,,,,,,,,,,,,
Judge - Superior Court - Columbia Judicial Circuit (Blanchard),SJC31,J. Grady Blanchard (I),160,,28252,,,,,,,,,,,,,,,,,,,,,,,,,,,,,,,,,,,,,,,,,,,,,,,,,,,,,,,,,,,,,,,,,,,,,,,,
Judge - Superior Court - Columbia Judicial Circuit (Blanchard),SJC31,Total Votes,,,28252,,,,,,,,,,,,,,,,,,,,,,,,,,,,,,,,,,,,,,,,,,,,,,,,,,,,,,,,,,,,,,,,,,,,,,,,
Judge - Superior Court - Columbia Judicial Circuit (Fleming),SJC32,Barry A. Fleming (I),161,,28316,,,,,,,,,,,,,,,,,,,,,,,,,,,,,,,,,,,,,,,,,,,,,,,,,,,,,,,,,,,,,,,,,,,,,,,,
Judge - Superior Court - Columbia Judicial Circuit (Fleming),SJC32,Total Votes,,,28316,,,,,,,,,,,,,,,,,,,,,,,,,,,,,,,,,,,,,,,,,,,,,,,,,,,,,,,,,,,,,,,,,,,,,,,,
Judge - Superior Court - Conasauga Judicial Circuit (Morris),SJC33,"Maxine C. ""Cindy"" Morris (I)",137,,14758,,,,,,,,,,,,,,,,,,,,,,,,,,,,,,,,,,,,,,,,,,,,,,,,,,,,,,,,,,,,,,,,,,,,,,,,
Judge - Superior Court - Conasauga Judicial Circuit (Morris),SJC33,Total Votes,,,14758,,,,,,,,,,,,,,,,,,,,,,,,,,,,,,,,,,,,,,,,,,,,,,,,,,,,,,,,,,,,,,,,,,,,,,,,
Judge - Superior Court - Conasauga Judicial Circuit (Wilbanks),SJC34,George Jason Souther,138,,14819,,,,,,,,,,,,,,,,,,,,,,,,,,,,,,,,,,,,,,,,,,,,,,,,,,,,,,,,,,,,,,,,,,,,,,,,
Judge - Superior Court - Conasauga Judicial Circuit (Wilbanks),SJC34,Total Votes,,,14819,,,,,,,,,,,,,,,,,,,,,,,,,,,,,,,,,,,,,,,,,,,,,,,,,,,,,,,,,,,,,,,,,,,,,,,,
Judge - Superior Court - Coweta Judicial Circuit (Bendinger),SJC35,"Jephson ""Jep"" Bendinger (I)",146,,39002,,,,,,,,,,,,,,,,,,,,,,,,,,,,,,,,,,,,,,,,,,,,,,,,,,,,,,,,,,,,,,,,,,,,,,,,
Judge - Superior Court - Coweta Judicial Circuit (Bendinger),SJC35,Total Votes,,,39002,,,,,,,,,,,,,,,,,,,,,,,,,,,,,,,,,,,,,,,,,,,,,,,,,,,,,,,,,,,,,,,,,,,,,,,,
Judge - Superior Court - DeKalb Judicial Circuit (A. Jackson),SJC129,Asha F. Jackson (I),201,,143551,,,,,,,,,,,,,,,,,,,,,,,,,,,,,,,,,,,,,,,,,,,,,,,,,,,,,,,,,,,,,,,,,,,,,,,,
Judge - Superior Court - DeKalb Judicial Circuit (A. Jackson),SJC129,Total Votes,,,143551,,,,,,,,,,,,,,,,,,,,,,,,,,,,,,,,,,,,,,,,,,,,,,,,,,,,,,,,,,,,,,,,,,,,,,,,
Judge - Superior Court - DeKalb Judicial Circuit (L. Jackson),SJC130,LaTisha Dear Jackson (I),203,,143736,,,,,,,,,,,,,,,,,,,,,,,,,,,,,,,,,,,,,,,,,,,,,,,,,,,,,,,,,,,,,,,,,,,,,,,,
Judge - Superior Court - DeKalb Judicial Circuit (L. Jackson),SJC130,Total Votes,,,143736,,,,,,,,,,,,,,,,,,,,,,,,,,,,,,,,,,,,,,,,,,,,,,,,,,,,,,,,,,,,,,,,,,,,,,,,
Judge - Superior Court - DeKalb Judicial Circuit (Johnson),SJC131,Courtney L. Johnson (I),202,,143185,,,,,,,,,,,,,,,,,,,,,,,,,,,,,,,,,,,,,,,,,,,,,,,,,,,,,,,,,,,,,,,,,,,,,,,,
Judge - Superior Court - DeKalb Judicial Circuit (Johnson),SJC131,Total Votes,,,143185,,,,,,,,,,,,,,,,,,,,,,,,,,,,,,,,,,,,,,,,,,,,,,,,,,,,,,,,,,,,,,,,,,,,,,,,
Judge - Superior Court - Dougherty Judicial Circuit (Dent),SJC39,Joe Dent (I),135,,13213,,,,,,,,,,,,,,,,,,,,,,,,,,,,,,,,,,,,,,,,,,,,,,,,,,,,,,,,,,,,,,,,,,,,,,,,
Judge - Superior Court - Dougherty Judicial Circuit (Dent),SJC39,Total Votes,,,13213,,,,,,,,,,,,,,,,,,,,,,,,,,,,,,,,,,,,,,,,,,,,,,,,,,,,,,,,,,,,,,,,,,,,,,,,
Judge - Superior Court - Douglas Judicial Circuit (Adams),SJC40,Cynthia C. Adams (I),139,,26291,,,,,,,,,,,,,,,,,,,,,,,,,,,,,,,,,,,,,,,,,,,,,,,,,,,,,,,,,,,,,,,,,,,,,,,,
Judge - Superior Court - Douglas Judicial Circuit (Adams),SJC40,Total Votes,,,26291,,,,,,,,,,,,,,,,,,,,,,,,,,,,,,,,,,,,,,,,,,,,,,,,,,,,,,,,,,,,,,,,,,,,,,,,
Judge - Superior Court - Eastern Judicial Circuit (Karpf),SJC41,Benjamin W. Karpf (I),139,,47391,,,,,,,,,,,,,,,,,,,,,,,,,,,,,,,,,,,,,,,,,,,,,,,,,,,,,,,,,,,,,,,,,,,,,,,,
Judge - Superior Court - Eastern Judicial Circuit (Karpf),SJC41,Total Votes,,,47391,,,,,,,,,,,,,,,,,,,,,,,,,,,,,,,,,,,,,,,,,,,,,,,,,,,,,,,,,,,,,,,,,,,,,,,,
Judge - Superior Court - Eastern Judicial Circuit (Stokes),SJC42,Tammy M. Stokes (I),140,,48281,,,,,,,,,,,,,,,,,,,,,,,,,,,,,,,,,,,,,,,,,,,,,,,,,,,,,,,,,,,,,,,,,,,,,,,,
Judge - Superior Court - Eastern Judicial Circuit (Stokes),SJC42,Total Votes,,,48281,,,,,,,,,,,,,,,,,,,,,,,,,,,,,,,,,,,,,,,,,,,,,,,,,,,,,,,,,,,,,,,,,,,,,,,,
Judge - Superior Court - Enotah Judicial Circuit (George),SJC44,Jeremy Clough,152,,15461,,,,,,,,,,,,,,,,,,,,,,,,,,,,,,,,,,,,,,,,,,,,,,,,,,,,,,,,,,,,,,,,,,,,,,,,
Judge - Superior Court - Enotah Judicial Circuit (George),SJC44,Elise Hoyle,153,,7386,,,,,,,,,,,,,,,,,,,,,,,,,,,,,,,,,,,,,,,,,,,,,,,,,,,,,,,,,,,,,,,,,,,,,,,,
Judge - Superior Court - Eastern Judicial Circuit (Walmsley),SJC43,Timothy R. Walmsley (I),TimothyR.Walmsley(I)-0-,,47115,,,,,,,,,,,,,,,,,,,,,,,,,,,,,,,,,,,,,,,,,,,,,,,,,,,,,,,,,,,,,,,,,,,,,,,,
Judge - Superior Court - Enotah Judicial Circuit (George),SJC44,Total Votes,,,22847,,,,,,,,,,,,,,,,,,,,,,,,,,,,,,,,,,,,,,,,,,,,,,,,,,,,,,,,,,,,,,,,,,,,,,,,
Judge - Superior Court - Eastern Judicial Circuit (Walmsley),SJC43,Total Votes,,,47115,,,,,,,,,,,,,,,,,,,,,,,,,,,,,,,,,,,,,,,,,,,,,,,,,,,,,,,,,,,,,,,,,,,,,,,,
Judge - Superior Court - Enotah Judicial Circuit (Levins),SJC45,Buck Levins (I),154,,17338,,,,,,,,,,,,,,,,,,,,,,,,,,,,,,,,,,,,,,,,,,,,,,,,,,,,,,,,,,,,,,,,,,,,,,,,
Judge - Superior Court - Enotah Judicial Circuit (Levins),SJC45,Kerry B. Morris,155,,5593,,,,,,,,,,,,,,,,,,,,,,,,,,,,,,,,,,,,,,,,,,,,,,,,,,,,,,,,,,,,,,,,,,,,,,,,
Judge - Superior Court - Enotah Judicial Circuit (Levins),SJC45,Total Votes,,,22931,,,,,,,,,,,,,,,,,,,,,,,,,,,,,,,,,,,,,,,,,,,,,,,,,,,,,,,,,,,,,,,,,,,,,,,,
Judge - Superior Court - Flint Judicial Circuit (Lewis),SJC46,Chaundra D. Lewis (I),184,,49667,,,,,,,,,,,,,,,,,,,,,,,,,,,,,,,,,,,,,,,,,,,,,,,,,,,,,,,,,,,,,,,,,,,,,,,,
Judge - Superior Court - Flint Judicial Circuit (Lewis),SJC46,Total Votes,,,49667,,,,,,,,,,,,,,,,,,,,,,,,,,,,,,,,,,,,,,,,,,,,,,,,,,,,,,,,,,,,,,,,,,,,,,,,
Judge - Superior Court - Flint Judicial Circuit (Palmer),SJC47,Pandora Elaine Palmer (I),185,,48964,,,,,,,,,,,,,,,,,,,,,,,,,,,,,,,,,,,,,,,,,,,,,,,,,,,,,,,,,,,,,,,,,,,,,,,,
Judge - Superior Court - Flint Judicial Circuit (Palmer),SJC47,Total Votes,,,48964,,,,,,,,,,,,,,,,,,,,,,,,,,,,,,,,,,,,,,,,,,,,,,,,,,,,,,,,,,,,,,,,,,,,,,,,
Judge - Superior Court - Griffin Judicial Circuit (Coker),SJC48,Benjamin David Coker (I),150,,49382,,,,,,,,,,,,,,,,,,,,,,,,,,,,,,,,,,,,,,,,,,,,,,,,,,,,,,,,,,,,,,,,,,,,,,,,
Judge - Superior Court - Griffin Judicial Circuit (Coker),SJC48,Total Votes,,,49382,,,,,,,,,,,,,,,,,,,,,,,,,,,,,,,,,,,,,,,,,,,,,,,,,,,,,,,,,,,,,,,,,,,,,,,,
Judge - Superior Court - Griffin Judicial Circuit (Kreuziger),SJC49,Rhonda Bender Kreuziger (I),151,,49461,,,,,,,,,,,,,,,,,,,,,,,,,,,,,,,,,,,,,,,,,,,,,,,,,,,,,,,,,,,,,,,,,,,,,,,,
Judge - Superior Court - Griffin Judicial Circuit (Kreuziger),SJC49,Total Votes,,,49461,,,,,,,,,,,,,,,,,,,,,,,,,,,,,,,,,,,,,,,,,,,,,,,,,,,,,,,,,,,,,,,,,,,,,,,,
Judge - Superior Court - Griffin Judicial Circuit (Miller),SJC50,"Ben J. Miller, Jr. (I)",152,,49537,,,,,,,,,,,,,,,,,,,,,,,,,,,,,,,,,,,,,,,,,,,,,,,,,,,,,,,,,,,,,,,,,,,,,,,,
Judge - Superior Court - Griffin Judicial Circuit (Miller),SJC50,Total Votes,,,49537,,,,,,,,,,,,,,,,,,,,,,,,,,,,,,,,,,,,,,,,,,,,,,,,,,,,,,,,,,,,,,,,,,,,,,,,
"Judge - Superior Court - Gwinnett Judicial Circuit/Para Juez, Tribunal Estatal del Condado de Gwinnett (Cason)",SJC51,Tracie H. Cason (I),222,,130118,,,,,,,,,,,,,,,,,,,,,,,,,,,,,,,,,,,,,,,,,,,,,,,,,,,,,,,,,,,,,,,,,,,,,,,,
"Judge - Superior Court - Gwinnett Judicial Circuit/Para Juez, Tribunal Estatal del Condado de Gwinnett (Cason)",SJC51,Total Votes,,,130118,,,,,,,,,,,,,,,,,,,,,,,,,,,,,,,,,,,,,,,,,,,,,,,,,,,,,,,,,,,,,,,,,,,,,,,,
"Judge - Superior Court - Gwinnett Judicial Circuit/Para Juez, Tribunal Estatal del Condado de Gwinnett (Duncan)",SJC52,Angela D. Duncan (I),223,,130666,,,,,,,,,,,,,,,,,,,,,,,,,,,,,,,,,,,,,,,,,,,,,,,,,,,,,,,,,,,,,,,,,,,,,,,,
"Judge - Superior Court - Gwinnett Judicial Circuit/Para Juez, Tribunal Estatal del Condado de Gwinnett (Duncan)",SJC52,Total Votes,,,130666,,,,,,,,,,,,,,,,,,,,,,,,,,,,,,,,,,,,,,,,,,,,,,,,,,,,,,,,,,,,,,,,,,,,,,,,
"Judge - Superior Court - Gwinnett Judicial Circuit/Para Juez, Tribunal Estatal del Condado de Gwinnett (Hamil)",SJC53,Tim Hamil (I),224,,128268,,,,,,,,,,,,,,,,,,,,,,,,,,,,,,,,,,,,,,,,,,,,,,,,,,,,,,,,,,,,,,,,,,,,,,,,
"Judge - Superior Court - Gwinnett Judicial Circuit/Para Juez, Tribunal Estatal del Condado de Gwinnett (Hamil)",SJC53,Total Votes,,,128268,,,,,,,,,,,,,,,,,,,,,,,,,,,,,,,,,,,,,,,,,,,,,,,,,,,,,,,,,,,,,,,,,,,,,,,,
"Judge - Superior Court - Gwinnett Judicial Circuit/Para Juez, Tribunal Estatal del Condado de Gwinnett (Hutchinson)",SJC54,BT Gutter Parker,225,,38695,,,,,,,,,,,,,,,,,,,,,,,,,,,,,,,,,,,,,,,,,,,,,,,,,,,,,,,,,,,,,,,,,,,,,,,,
"Judge - Superior Court - Gwinnett Judicial Circuit/Para Juez, Tribunal Estatal del Condado de Gwinnett (Hutchinson)",SJC54,Regina J. Matthews,226,,74667,,,,,,,,,,,,,,,,,,,,,,,,,,,,,,,,,,,,,,,,,,,,,,,,,,,,,,,,,,,,,,,,,,,,,,,,
"Judge - Superior Court - Gwinnett Judicial Circuit/Para Juez, Tribunal Estatal del Condado de Gwinnett (Hutchinson)",SJC54,Ramona Toole,227,,20906,,,,,,,,,,,,,,,,,,,,,,,,,,,,,,,,,,,,,,,,,,,,,,,,,,,,,,,,,,,,,,,,,,,,,,,,
"Judge - Superior Court - Gwinnett Judicial Circuit/Para Juez, Tribunal Estatal del Condado de Gwinnett (Hutchinson)",SJC54,Total Votes,,,134268,,,,,,,,,,,,,,,,,,,,,,,,,,,,,,,,,,,,,,,,,,,,,,,,,,,,,,,,,,,,,,,,,,,,,,,,
"Judge - Superior Court - Gwinnett Judicial Circuit/Para Juez, Tribunal Estatal del Condado de Gwinnett (Mason)",SJC55,Tracey D. Mason (I),228,,129755,,,,,,,,,,,,,,,,,,,,,,,,,,,,,,,,,,,,,,,,,,,,,,,,,,,,,,,,,,,,,,,,,,,,,,,,
"Judge - Superior Court - Gwinnett Judicial Circuit/Para Juez, Tribunal Estatal del Condado de Gwinnett (Mason)",SJC55,Total Votes,,,129755,,,,,,,,,,,,,,,,,,,,,,,,,,,,,,,,,,,,,,,,,,,,,,,,,,,,,,,,,,,,,,,,,,,,,,,,
Judge - Superior Court - Houston Judicial Circuit (Smith),SJC56,Amy E. Smith (I),142,,25732,,,,,,,,,,,,,,,,,,,,,,,,,,,,,,,,,,,,,,,,,,,,,,,,,,,,,,,,,,,,,,,,,,,,,,,,
Judge - Superior Court - Houston Judicial Circuit (Smith),SJC56,Total Votes,,,25732,,,,,,,,,,,,,,,,,,,,,,,,,,,,,,,,,,,,,,,,,,,,,,,,,,,,,,,,,,,,,,,,,,,,,,,,
Judge - Superior Court - Lookout Mountain Judicial Circuit (Thompson),SJC57,Don W. Thompson (I),148,,22162,,,,,,,,,,,,,,,,,,,,,,,,,,,,,,,,,,,,,,,,,,,,,,,,,,,,,,,,,,,,,,,,,,,,,,,,
Judge - Superior Court - Lookout Mountain Judicial Circuit (Thompson),SJC57,Total Votes,,,22162,,,,,,,,,,,,,,,,,,,,,,,,,,,,,,,,,,,,,,,,,,,,,,,,,,,,,,,,,,,,,,,,,,,,,,,,
Judge - Superior Court - Macon Judicial Circuit (Mincey),SJC58,"David L. Mincey, III (I)",138,,32205,,,,,,,,,,,,,,,,,,,,,,,,,,,,,,,,,,,,,,,,,,,,,,,,,,,,,,,,,,,,,,,,,,,,,,,,
Judge - Superior Court - Macon Judicial Circuit (Mincey),SJC58,Total Votes,,,32205,,,,,,,,,,,,,,,,,,,,,,,,,,,,,,,,,,,,,,,,,,,,,,,,,,,,,,,,,,,,,,,,,,,,,,,,
Judge - Superior Court - Macon Judicial Circuit (Raymond),SJC59,"Philip T. Raymond, III (I)",139,,31955,,,,,,,,,,,,,,,,,,,,,,,,,,,,,,,,,,,,,,,,,,,,,,,,,,,,,,,,,,,,,,,,,,,,,,,,
Judge - Superior Court - Macon Judicial Circuit (Raymond),SJC59,Total Votes,,,31955,,,,,,,,,,,,,,,,,,,,,,,,,,,,,,,,,,,,,,,,,,,,,,,,,,,,,,,,,,,,,,,,,,,,,,,,
Judge - Superior Court - Macon Judicial Circuit (Smith),SJC60,Ken Smith (I),140,,31885,,,,,,,,,,,,,,,,,,,,,,,,,,,,,,,,,,,,,,,,,,,,,,,,,,,,,,,,,,,,,,,,,,,,,,,,
Judge - Superior Court - Macon Judicial Circuit (Smith),SJC60,Total Votes,,,31885,,,,,,,,,,,,,,,,,,,,,,,,,,,,,,,,,,,,,,,,,,,,,,,,,,,,,,,,,,,,,,,,,,,,,,,,
Judge - Superior Court - Macon Judicial Circuit (Williford),SJC61,Connie Williford Marsh (I),141,,31823,,,,,,,,,,,,,,,,,,,,,,,,,,,,,,,,,,,,,,,,,,,,,,,,,,,,,,,,,,,,,,,,,,,,,,,,
Judge - Superior Court - Macon Judicial Circuit (Williford),SJC61,Total Votes,,,31823,,,,,,,,,,,,,,,,,,,,,,,,,,,,,,,,,,,,,,,,,,,,,,,,,,,,,,,,,,,,,,,,,,,,,,,,
Judge - Superior Court - Middle Judicial Circuit (Reeves),SJC62,J. Kendall Gross,153,,14703,,,,,,,,,,,,,,,,,,,,,,,,,,,,,,,,,,,,,,,,,,,,,,,,,,,,,,,,,,,,,,,,,,,,,,,,
Judge - Superior Court - Middle Judicial Circuit (Reeves),SJC62,Total Votes,,,14703,,,,,,,,,,,,,,,,,,,,,,,,,,,,,,,,,,,,,,,,,,,,,,,,,,,,,,,,,,,,,,,,,,,,,,,,
Judge - Superior Court - Middle Judicial Circuit (Smith),SJC63,Tommy J. Smith (I),152,,14746,,,,,,,,,,,,,,,,,,,,,,,,,,,,,,,,,,,,,,,,,,,,,,,,,,,,,,,,,,,,,,,,,,,,,,,,
Judge - Superior Court - Middle Judicial Circuit (Smith),SJC63,Total Votes,,,14746,,,,,,,,,,,,,,,,,,,,,,,,,,,,,,,,,,,,,,,,,,,,,,,,,,,,,,,,,,,,,,,,,,,,,,,,
Judge - Superior Court - Mountain Judicial Circuit (Carswell),SJC64,B. Nichole Carswell (I),132,,18153,,,,,,,,,,,,,,,,,,,,,,,,,,,,,,,,,,,,,,,,,,,,,,,,,,,,,,,,,,,,,,,,,,,,,,,,
Judge - Superior Court - Mountain Judicial Circuit (Carswell),SJC64,Total Votes,,,18153,,,,,,,,,,,,,,,,,,,,,,,,,,,,,,,,,,,,,,,,,,,,,,,,,,,,,,,,,,,,,,,,,,,,,,,,
"Judge - Superior Court - Mountain Judicial Circuit (Jones, III)",SJC65,Carlton Hobie Jones III (I),133,,18118,,,,,,,,,,,,,,,,,,,,,,,,,,,,,,,,,,,,,,,,,,,,,,,,,,,,,,,,,,,,,,,,,,,,,,,,
"Judge - Superior Court - Mountain Judicial Circuit (Jones, III)",SJC65,Total Votes,,,18118,,,,,,,,,,,,,,,,,,,,,,,,,,,,,,,,,,,,,,,,,,,,,,,,,,,,,,,,,,,,,,,,,,,,,,,,
Judge - Superior Court - Northeastern Judicial Circuit (Burton),SJC66,Lindsay H. Burton (I),138,,37965,,,,,,,,,,,,,,,,,,,,,,,,,,,,,,,,,,,,,,,,,,,,,,,,,,,,,,,,,,,,,,,,,,,,,,,,
Judge - Superior Court - Northeastern Judicial Circuit (Burton),SJC66,Total Votes,,,37965,,,,,,,,,,,,,,,,,,,,,,,,,,,,,,,,,,,,,,,,,,,,,,,,,,,,,,,,,,,,,,,,,,,,,,,,
Judge - Superior Court - Northeastern Judicial Circuit (Deal),SJC67,Jason Jonathan Deal (I),139,,38532,,,,,,,,,,,,,,,,,,,,,,,,,,,,,,,,,,,,,,,,,,,,,,,,,,,,,,,,,,,,,,,,,,,,,,,,
Judge - Superior Court - Northeastern Judicial Circuit (Deal),SJC67,Total Votes,,,38532,,,,,,,,,,,,,,,,,,,,,,,,,,,,,,,,,,,,,,,,,,,,,,,,,,,,,,,,,,,,,,,,,,,,,,,,
Judge - Superior Court - Pataula Judicial Circuit (Balkcom),SJC68,Henry Balkcom (I),121,,7066,,,,,,,,,,,,,,,,,,,,,,,,,,,,,,,,,,,,,,,,,,,,,,,,,,,,,,,,,,,,,,,,,,,,,,,,
Judge - Superior Court - Pataula Judicial Circuit (Balkcom),SJC68,Total Votes,,,7066,,,,,,,,,,,,,,,,,,,,,,,,,,,,,,,,,,,,,,,,,,,,,,,,,,,,,,,,,,,,,,,,,,,,,,,,
Judge - Superior Court - Paulding Judicial Circuit (Rollins),SJC69,Matthew W. Rollins (I),171,,27531,,,,,,,,,,,,,,,,,,,,,,,,,,,,,,,,,,,,,,,,,,,,,,,,,,,,,,,,,,,,,,,,,,,,,,,,
Judge - Superior Court - Paulding Judicial Circuit (Rollins),SJC69,Total Votes,,,27531,,,,,,,,,,,,,,,,,,,,,,,,,,,,,,,,,,,,,,,,,,,,,,,,,,,,,,,,,,,,,,,,,,,,,,,,
Judge - Superior Court - Piedmont Judicial Circuit (Griffie),SJC70,Sarah Griffie (I),154,,25158,,,,,,,,,,,,,,,,,,,,,,,,,,,,,,,,,,,,,,,,,,,,,,,,,,,,,,,,,,,,,,,,,,,,,,,,
Judge - Superior Court - Piedmont Judicial Circuit (Griffie),SJC70,Total Votes,,,25158,,,,,,,,,,,,,,,,,,,,,,,,,,,,,,,,,,,,,,,,,,,,,,,,,,,,,,,,,,,,,,,,,,,,,,,,
Judge - Superior Court - Rockdale Judicial Circuit (Bills),SJC71,Nancy Bills (I),138,,11437,,,,,,,,,,,,,,,,,,,,,,,,,,,,,,,,,,,,,,,,,,,,,,,,,,,,,,,,,,,,,,,,,,,,,,,,
Judge - Superior Court - Rockdale Judicial Circuit (Bills),SJC71,"Clarence Cuthpert, Jr.",139,,10054,,,,,,,,,,,,,,,,,,,,,,,,,,,,,,,,,,,,,,,,,,,,,,,,,,,,,,,,,,,,,,,,,,,,,,,,
Judge - Superior Court - Rockdale Judicial Circuit (Bills),SJC71,Total Votes,,,21491,,,,,,,,,,,,,,,,,,,,,,,,,,,,,,,,,,,,,,,,,,,,,,,,,,,,,,,,,,,,,,,,,,,,,,,,
Judge - Superior Court - Rome Judicial Circuit (King),SJC72,Kay Ann King (I),152,,14468,,,,,,,,,,,,,,,,,,,,,,,,,,,,,,,,,,,,,,,,,,,,,,,,,,,,,,,,,,,,,,,,,,,,,,,,
Judge - Superior Court - Rome Judicial Circuit (King),SJC72,Total Votes,,,14468,,,,,,,,,,,,,,,,,,,,,,,,,,,,,,,,,,,,,,,,,,,,,,,,,,,,,,,,,,,,,,,,,,,,,,,,
Judge - Superior Court - Rome Judicial Circuit (Sparks),SJC73,"William F. ""Billy"" Sparks (I)",154,,14506,,,,,,,,,,,,,,,,,,,,,,,,,,,,,,,,,,,,,,,,,,,,,,,,,,,,,,,,,,,,,,,,,,,,,,,,
Judge - Superior Court - Rome Judicial Circuit (Sparks),SJC73,Total Votes,,,14506,,,,,,,,,,,,,,,,,,,,,,,,,,,,,,,,,,,,,,,,,,,,,,,,,,,,,,,,,,,,,,,,,,,,,,,,
Judge - Superior Court - Southern Judicial Circuit (Prine),SJC75,James L. Prine (I),126,,25873,,,,,,,,,,,,,,,,,,,,,,,,,,,,,,,,,,,,,,,,,,,,,,,,,,,,,,,,,,,,,,,,,,,,,,,,
Judge - Superior Court - Southern Judicial Circuit (Prine),SJC75,Total Votes,,,25873,,,,,,,,,,,,,,,,,,,,,,,,,,,,,,,,,,,,,,,,,,,,,,,,,,,,,,,,,,,,,,,,,,,,,,,,
Judge - Superior Court - Southern Judicial Circuit (Smith),SJC76,Catherine Mims Smith (I),127,,26123,,,,,,,,,,,,,,,,,,,,,,,,,,,,,,,,,,,,,,,,,,,,,,,,,,,,,,,,,,,,,,,,,,,,,,,,
Judge - Superior Court - Southern Judicial Circuit (Smith),SJC76,Total Votes,,,26123,,,,,,,,,,,,,,,,,,,,,,,,,,,,,,,,,,,,,,,,,,,,,,,,,,,,,,,,,,,,,,,,,,,,,,,,
Judge - Superior Court - Southern Judicial Circuit (Voyles),SJC77,Gregory A. Voyles (I),128,,25938,,,,,,,,,,,,,,,,,,,,,,,,,,,,,,,,,,,,,,,,,,,,,,,,,,,,,,,,,,,,,,,,,,,,,,,,
Judge - Superior Court - Southern Judicial Circuit (Voyles),SJC77,Total Votes,,,25938,,,,,,,,,,,,,,,,,,,,,,,,,,,,,,,,,,,,,,,,,,,,,,,,,,,,,,,,,,,,,,,,,,,,,,,,
Judge - Superior Court - Southwestern Judicial Circuit (Sizemore),SJC78,Wesley Beamon,118,,4252,,,,,,,,,,,,,,,,,,,,,,,,,,,,,,,,,,,,,,,,,,,,,,,,,,,,,,,,,,,,,,,,,,,,,,,,
Judge - Superior Court - Southwestern Judicial Circuit (Sizemore),SJC78,Patrick S. Eidson,119,,1585,,,,,,,,,,,,,,,,,,,,,,,,,,,,,,,,,,,,,,,,,,,,,,,,,,,,,,,,,,,,,,,,,,,,,,,,
Judge - Superior Court - Southwestern Judicial Circuit (Sizemore),SJC78,Lisa Jones,120,,10389,,,,,,,,,,,,,,,,,,,,,,,,,,,,,,,,,,,,,,,,,,,,,,,,,,,,,,,,,,,,,,,,,,,,,,,,
Judge - Superior Court - Southwestern Judicial Circuit (Sizemore),SJC78,Total Votes,,,16226,,,,,,,,,,,,,,,,,,,,,,,,,,,,,,,,,,,,,,,,,,,,,,,,,,,,,,,,,,,,,,,,,,,,,,,,
Judge - Superior Court - Tifton Judicial Circuit (Powell),SJC79,Ralph Powell (I),117,,10774,,,,,,,,,,,,,,,,,,,,,,,,,,,,,,,,,,,,,,,,,,,,,,,,,,,,,,,,,,,,,,,,,,,,,,,,
Judge - Superior Court - Tifton Judicial Circuit (Powell),SJC79,Total Votes,,,10774,,,,,,,,,,,,,,,,,,,,,,,,,,,,,,,,,,,,,,,,,,,,,,,,,,,,,,,,,,,,,,,,,,,,,,,,
Judge - Superior Court - Tifton Judicial Circuit (Reinhardt),SJC80,Bill Reinhardt (I),118,,11198,,,,,,,,,,,,,,,,,,,,,,,,,,,,,,,,,,,,,,,,,,,,,,,,,,,,,,,,,,,,,,,,,,,,,,,,
Judge - Superior Court - Tifton Judicial Circuit (Reinhardt),SJC80,Total Votes,,,11198,,,,,,,,,,,,,,,,,,,,,,,,,,,,,,,,,,,,,,,,,,,,,,,,,,,,,,,,,,,,,,,,,,,,,,,,
Judge - Superior Court - Towaliga Judicial Circuit (Wilson),SJC81,Jonathan Adams,138,,8965,,,,,,,,,,,,,,,,,,,,,,,,,,,,,,,,,,,,,,,,,,,,,,,,,,,,,,,,,,,,,,,,,,,,,,,,
Judge - Superior Court - Towaliga Judicial Circuit (Wilson),SJC81,Natalie Fears Sundeen,139,,8322,,,,,,,,,,,,,,,,,,,,,,,,,,,,,,,,,,,,,,,,,,,,,,,,,,,,,,,,,,,,,,,,,,,,,,,,
Judge - Superior Court - Towaliga Judicial Circuit (Wilson),SJC81,Total Votes,,,17287,,,,,,,,,,,,,,,,,,,,,,,,,,,,,,,,,,,,,,,,,,,,,,,,,,,,,,,,,,,,,,,,,,,,,,,,
Judge - Superior Court - Waycross Judicial Circuit (Kight),SJC82,Jeffrey Kight (I),137,,18252,,,,,,,,,,,,,,,,,,,,,,,,,,,,,,,,,,,,,,,,,,,,,,,,,,,,,,,,,,,,,,,,,,,,,,,,
Judge - Superior Court - Waycross Judicial Circuit (Kight),SJC82,Total Votes,,,18252,,,,,,,,,,,,,,,,,,,,,,,,,,,,,,,,,,,,,,,,,,,,,,,,,,,,,,,,,,,,,,,,,,,,,,,,
Judge - Superior Court - West Georgia Judicial Circuit (Hightower),SJC83,Dustin W. Hightower (I),142,,20151,,,,,,,,,,,,,,,,,,,,,,,,,,,,,,,,,,,,,,,,,,,,,,,,,,,,,,,,,,,,,,,,,,,,,,,,
Judge - Superior Court - West Georgia Judicial Circuit (Hightower),SJC83,Total Votes,,,20151,,,,,,,,,,,,,,,,,,,,,,,,,,,,,,,,,,,,,,,,,,,,,,,,,,,,,,,,,,,,,,,,,,,,,,,,
Judge - Superior Court - Western Judicial Circuit (Lott),SJC84,Lisa Lott (I),141,,30882,,,,,,,,,,,,,,,,,,,,,,,,,,,,,,,,,,,,,,,,,,,,,,,,,,,,,,,,,,,,,,,,,,,,,,,,
Judge - Superior Court - Western Judicial Circuit (Lott),SJC84,Total Votes,,,30882,,,,,,,,,,,,,,,,,,,,,,,,,,,,,,,,,,,,,,,,,,,,,,,,,,,,,,,,,,,,,,,,,,,,,,,,
Judge - Superior Court - Western Judicial Circuit (Norris),SJC85,Eric Wayne Norris (I),142,,30889,,,,,,,,,,,,,,,,,,,,,,,,,,,,,,,,,,,,,,,,,,,,,,,,,,,,,,,,,,,,,,,,,,,,,,,,
Judge - Superior Court - Western Judicial Circuit (Norris),SJC85,Total Votes,,,30889,,,,,,,,,,,,,,,,,,,,,,,,,,,,,,,,,,,,,,,,,,,,,,,,,,,,,,,,,,,,,,,,,,,,,,,,
Party Question 1 - Rep,SQ1R,Yes,110,REP,825652,,,,,,,,,,,,,,,,,,,,,,,,,,,,,,,,,,,,,,,,,,,,,,,,,,,,,,,,,,,,,,,,,,,,,,,,
Party Question 1 - Rep,SQ1R,No,111,REP,91882,,,,,,,,,,,,,,,,,,,,,,,,,,,,,,,,,,,,,,,,,,,,,,,,,,,,,,,,,,,,,,,,,,,,,,,,
Party Question 1 - Rep,SQ1R,Total Votes,,,917534,,,,,,,,,,,,,,,,,,,,,,,,,,,,,,,,,,,,,,,,,,,,,,,,,,,,,,,,,,,,,,,,,,,,,,,,
Party Question 2 - Rep,SQ2R,Yes,112,REP,821497,,,,,,,,,,,,,,,,,,,,,,,,,,,,,,,,,,,,,,,,,,,,,,,,,,,,,,,,,,,,,,,,,,,,,,,,
Party Question 2 - Rep,SQ2R,No,113,REP,98034,,,,,,,,,,,,,,,,,,,,,,,,,,,,,,,,,,,,,,,,,,,,,,,,,,,,,,,,,,,,,,,,,,,,,,,,
Party Question 2 - Rep,SQ2R,Total Votes,,,919531,,,,,,,,,,,,,,,,,,,,,,,,,,,,,,,,,,,,,,,,,,,,,,,,,,,,,,,,,,,,,,,,,,,,,,,,
Party Question 3 - Rep,SQ3R,Yes,114,REP,764678,,,,,,,,,,,,,,,,,,,,,,,,,,,,,,,,,,,,,,,,,,,,,,,,,,,,,,,,,,,,,,,,,,,,,,,,
Party Question 3 - Rep,SQ3R,No,115,REP,143711,,,,,,,,,,,,,,,,,,,,,,,,,,,,,,,,,,,,,,,,,,,,,,,,,,,,,,,,,,,,,,,,,,,,,,,,
Party Question 3 - Rep,SQ3R,Total Votes,,,908389,,,,,,,,,,,,,,,,,,,,,,,,,,,,,,,,,,,,,,,,,,,,,,,,,,,,,,,,,,,,,,,,,,,,,,,,
Party Question 4 - Rep,SQ4R,Yes,116,REP,813956,,,,,,,,,,,,,,,,,,,,,,,,,,,,,,,,,,,,,,,,,,,,,,,,,,,,,,,,,,,,,,,,,,,,,,,,
Party Question 4 - Rep,SQ4R,No,117,REP,95699,,,,,,,,,,,,,,,,,,,,,,,,,,,,,,,,,,,,,,,,,,,,,,,,,,,,,,,,,,,,,,,,,,,,,,,,
Party Question 4 - Rep,SQ4R,Total Votes,,,909655,,,,,,,,,,,,,,,,,,,,,,,,,,,,,,,,,,,,,,,,,,,,,,,,,,,,,,,,,,,,,,,,,,,,,,,,
Party Question 5 - Rep,SQ5R,Yes,118,REP,831363,,,,,,,,,,,,,,,,,,,,,,,,,,,,,,,,,,,,,,,,,,,,,,,,,,,,,,,,,,,,,,,,,,,,,,,,
Party Question 5 - Rep,SQ5R,No,119,REP,87539,,,,,,,,,,,,,,,,,,,,,,,,,,,,,,,,,,,,,,,,,,,,,,,,,,,,,,,,,,,,,,,,,,,,,,,,
Party Question 5 - Rep,SQ5R,Total Votes,,,918902,,,,,,,,,,,,,,,,,,,,,,,,,,,,,,,,,,,,,,,,,,,,,,,,,,,,,,,,,,,,,,,,,,,,,,,,
Party Question 6 - Rep,SQ6R,Yes,120,REP,839670,,,,,,,,,,,,,,,,,,,,,,,,,,,,,,,,,,,,,,,,,,,,,,,,,,,,,,,,,,,,,,,,,,,,,,,,
Party Question 6 - Rep,SQ6R,No,121,REP,68865,,,,,,,,,,,,,,,,,,,,,,,,,,,,,,,,,,,,,,,,,,,,,,,,,,,,,,,,,,,,,,,,,,,,,,,,
Party Question 6 - Rep,SQ6R,Total Votes,,,908535,,,,,,,,,,,,,,,,,,,,,,,,,,,,,,,,,,,,,,,,,,,,,,,,,,,,,,,,,,,,,,,,,,,,,,,,
Party Question 7 - Rep,SQ7R,Yes,122,REP,783746,,,,,,,,,,,,,,,,,,,,,,,,,,,,,,,,,,,,,,,,,,,,,,,,,,,,,,,,,,,,,,,,,,,,,,,,
Party Question 7 - Rep,SQ7R,No,123,REP,133951,,,,,,,,,,,,,,,,,,,,,,,,,,,,,,,,,,,,,,,,,,,,,,,,,,,,,,,,,,,,,,,,,,,,,,,,
Party Question 7 - Rep,SQ7R,Total Votes,,,917697,,,,,,,,,,,,,,,,,,,,,,,,,,,,,,,,,,,,,,,,,,,,,,,,,,,,,,,,,,,,,,,,,,,,,,,,
Party Question 8 - Rep,SQ8R,Yes,124,REP,821119,,,,,,,,,,,,,,,,,,,,,,,,,,,,,,,,,,,,,,,,,,,,,,,,,,,,,,,,,,,,,,,,,,,,,,,,
Party Question 8 - Rep,SQ8R,No,125,REP,93086,,,,,,,,,,,,,,,,,,,,,,,,,,,,,,,,,,,,,,,,,,,,,,,,,,,,,,,,,,,,,,,,,,,,,,,,
Party Question 8 - Rep,SQ8R,Total Votes,,,914205,,,,,,,,,,,,,,,,,,,,,,,,,,,,,,,,,,,,,,,,,,,,,,,,,,,,,,,,,,,,,,,,,,,,,,,,
Party Question 1 - Dem,SQ1D,Yes,126,DEM,34000,,,,,,,,,,,,,,,,,,,,,,,,,,,,,,,,,,,,,,,,,,,,,,,,,,,,,,,,,,,,,,,,,,,,,,,,
Party Question 1 - Dem,SQ1D,No,127,DEM,1043620,,,,,,,,,,,,,,,,,,,,,,,,,,,,,,,,,,,,,,,,,,,,,,,,,,,,,,,,,,,,,,,,,,,,,,,,
Party Question 1 - Dem,SQ1D,Total Votes,,,1077620,,,,,,,,,,,,,,,,,,,,,,,,,,,,,,,,,,,,,,,,,,,,,,,,,,,,,,,,,,,,,,,,,,,,,,,,
Party Question 2 - Dem,SQ2D,Yes,128,DEM,41921,,,,,,,,,,,,,,,,,,,,,,,,,,,,,,,,,,,,,,,,,,,,,,,,,,,,,,,,,,,,,,,,,,,,,,,,
Party Question 2 - Dem,SQ2D,No,129,DEM,1028514,,,,,,,,,,,,,,,,,,,,,,,,,,,,,,,,,,,,,,,,,,,,,,,,,,,,,,,,,,,,,,,,,,,,,,,,
Party Question 2 - Dem,SQ2D,Total Votes,,,1070435,,,,,,,,,,,,,,,,,,,,,,,,,,,,,,,,,,,,,,,,,,,,,,,,,,,,,,,,,,,,,,,,,,,,,,,,
